--
-- PostgreSQL database cluster dump
--

SET default_transaction_read_only = off;

SET client_encoding = 'UTF8';
SET standard_conforming_strings = on;


--
-- Databases
--

--
-- Database "template1" dump
--

--
-- PostgreSQL database dump
--

-- Dumped from database version 14.0 (Debian 14.0-1.pgdg110+1)
-- Dumped by pg_dump version 14.0 (Debian 14.0-1.pgdg110+1)

SET statement_timeout = 0;
SET lock_timeout = 0;
SET idle_in_transaction_session_timeout = 0;
SET client_encoding = 'UTF8';
SET standard_conforming_strings = on;
SELECT pg_catalog.set_config('search_path', '', false);
SET check_function_bodies = false;
SET xmloption = content;
SET client_min_messages = warning;
SET row_security = off;

UPDATE pg_catalog.pg_database SET datistemplate = false WHERE datname = 'template1';
DROP DATABASE template1;
--
-- Name: template1; Type: DATABASE; Schema: -; Owner: dnedtjrx
--

CREATE DATABASE template1 WITH TEMPLATE = template0 ENCODING = 'UTF8' LOCALE = 'en_US.utf8';


ALTER DATABASE template1 OWNER TO dnedtjrx;

\connect template1

SET statement_timeout = 0;
SET lock_timeout = 0;
SET idle_in_transaction_session_timeout = 0;
SET client_encoding = 'UTF8';
SET standard_conforming_strings = on;
SELECT pg_catalog.set_config('search_path', '', false);
SET check_function_bodies = false;
SET xmloption = content;
SET client_min_messages = warning;
SET row_security = off;

--
-- Name: DATABASE template1; Type: COMMENT; Schema: -; Owner: dnedtjrx
--

COMMENT ON DATABASE template1 IS 'default template for new databases';


--
-- Name: template1; Type: DATABASE PROPERTIES; Schema: -; Owner: dnedtjrx
--

ALTER DATABASE template1 IS_TEMPLATE = true;


\connect template1

SET statement_timeout = 0;
SET lock_timeout = 0;
SET idle_in_transaction_session_timeout = 0;
SET client_encoding = 'UTF8';
SET standard_conforming_strings = on;
SELECT pg_catalog.set_config('search_path', '', false);
SET check_function_bodies = false;
SET xmloption = content;
SET client_min_messages = warning;
SET row_security = off;

--
-- Name: DATABASE template1; Type: ACL; Schema: -; Owner: dnedtjrx
--

REVOKE CONNECT,TEMPORARY ON DATABASE template1 FROM PUBLIC;
GRANT CONNECT ON DATABASE template1 TO PUBLIC;


--
-- PostgreSQL database dump complete
--

--
-- Database "dnedtjrx" dump
--

--
-- PostgreSQL database dump
--

-- Dumped from database version 14.0 (Debian 14.0-1.pgdg110+1)
-- Dumped by pg_dump version 14.0 (Debian 14.0-1.pgdg110+1)

SET statement_timeout = 0;
SET lock_timeout = 0;
SET idle_in_transaction_session_timeout = 0;
SET client_encoding = 'UTF8';
SET standard_conforming_strings = on;
SELECT pg_catalog.set_config('search_path', '', false);
SET check_function_bodies = false;
SET xmloption = content;
SET client_min_messages = warning;
SET row_security = off;

--
-- Name: dnedtjrx; Type: DATABASE; Schema: -; Owner: dnedtjrx
--

\connect dnedtjrx

SET statement_timeout = 0;
SET lock_timeout = 0;
SET idle_in_transaction_session_timeout = 0;
SET client_encoding = 'UTF8';
SET standard_conforming_strings = on;
SELECT pg_catalog.set_config('search_path', '', false);
SET check_function_bodies = false;
SET xmloption = content;
SET client_min_messages = warning;
SET row_security = off;

--
-- Name: enum_Tasks_status; Type: TYPE; Schema: public; Owner: dnedtjrx
--

CREATE TYPE public."enum_Tasks_status" AS ENUM (
    'created',
    'offered',
    'assigned',
    'started',
    'canceled',
    'completed'
);


ALTER TYPE public."enum_Tasks_status" OWNER TO dnedtjrx;

SET default_tablespace = '';

SET default_table_access_method = heap;

--
-- Name: Applicants; Type: TABLE; Schema: public; Owner: dnedtjrx
--

CREATE TABLE public."Applicants" (
    "userId" integer NOT NULL,
    "taskId" integer NOT NULL,
    "createdAt" timestamp with time zone NOT NULL,
    "updatedAt" timestamp with time zone NOT NULL
);


ALTER TABLE public."Applicants" OWNER TO dnedtjrx;

--
-- Name: Files; Type: TABLE; Schema: public; Owner: dnedtjrx
--

CREATE TABLE public."Files" (
    id integer NOT NULL,
    "taskId" integer,
    filename character varying(255),
    size integer,
    "createdAt" timestamp with time zone NOT NULL,
    "updatedAt" timestamp with time zone NOT NULL
);


ALTER TABLE public."Files" OWNER TO dnedtjrx;

--
-- Name: Files_id_seq; Type: SEQUENCE; Schema: public; Owner: dnedtjrx
--

CREATE SEQUENCE public."Files_id_seq"
    AS integer
    START WITH 1
    INCREMENT BY 1
    NO MINVALUE
    NO MAXVALUE
    CACHE 1;


ALTER TABLE public."Files_id_seq" OWNER TO dnedtjrx;

--
-- Name: Files_id_seq; Type: SEQUENCE OWNED BY; Schema: public; Owner: dnedtjrx
--

ALTER SEQUENCE public."Files_id_seq" OWNED BY public."Files".id;


--
-- Name: LearnedSkills; Type: TABLE; Schema: public; Owner: dnedtjrx
--

CREATE TABLE public."LearnedSkills" (
    "skillId" integer NOT NULL,
    "userId" integer NOT NULL,
    "createdAt" timestamp with time zone NOT NULL,
    "updatedAt" timestamp with time zone NOT NULL
);


ALTER TABLE public."LearnedSkills" OWNER TO dnedtjrx;

--
-- Name: Skills; Type: TABLE; Schema: public; Owner: dnedtjrx
--

CREATE TABLE public."Skills" (
    id integer NOT NULL,
    name character varying(255),
    "createdAt" timestamp with time zone NOT NULL,
    "updatedAt" timestamp with time zone NOT NULL
);


ALTER TABLE public."Skills" OWNER TO dnedtjrx;

--
-- Name: Skills_id_seq; Type: SEQUENCE; Schema: public; Owner: dnedtjrx
--

CREATE SEQUENCE public."Skills_id_seq"
    AS integer
    START WITH 1
    INCREMENT BY 1
    NO MINVALUE
    NO MAXVALUE
    CACHE 1;


ALTER TABLE public."Skills_id_seq" OWNER TO dnedtjrx;

--
-- Name: Skills_id_seq; Type: SEQUENCE OWNED BY; Schema: public; Owner: dnedtjrx
--

ALTER SEQUENCE public."Skills_id_seq" OWNED BY public."Skills".id;


--
-- Name: TaskSkills; Type: TABLE; Schema: public; Owner: dnedtjrx
--

CREATE TABLE public."TaskSkills" (
    "skillId" integer NOT NULL,
    "taskId" integer NOT NULL,
    "createdAt" timestamp with time zone NOT NULL,
    "updatedAt" timestamp with time zone NOT NULL
);


ALTER TABLE public."TaskSkills" OWNER TO dnedtjrx;

--
-- Name: Tasks; Type: TABLE; Schema: public; Owner: dnedtjrx
--

CREATE TABLE public."Tasks" (
    id integer NOT NULL,
    "ownerId" integer NOT NULL,
    "selectedApplicantId" integer,
    name character varying(255),
    description text,
    price numeric(10,2),
    link character varying(255),
    duration integer,
    "dueDate" date,
    weight integer,
    status public."enum_Tasks_status",
    views integer,
    "createdAt" timestamp with time zone NOT NULL,
    "updatedAt" timestamp with time zone NOT NULL
);


ALTER TABLE public."Tasks" OWNER TO dnedtjrx;

--
-- Name: COLUMN "Tasks"."ownerId"; Type: COMMENT; Schema: public; Owner: dnedtjrx
--

COMMENT ON COLUMN public."Tasks"."ownerId" IS 'Владелец задачи';


--
-- Name: COLUMN "Tasks"."selectedApplicantId"; Type: COMMENT; Schema: public; Owner: dnedtjrx
--

COMMENT ON COLUMN public."Tasks"."selectedApplicantId" IS 'Выбранный исполнитель';


--
-- Name: COLUMN "Tasks".name; Type: COMMENT; Schema: public; Owner: dnedtjrx
--

COMMENT ON COLUMN public."Tasks".name IS 'Название';


--
-- Name: COLUMN "Tasks".description; Type: COMMENT; Schema: public; Owner: dnedtjrx
--

COMMENT ON COLUMN public."Tasks".description IS 'Подробное описание';


--
-- Name: COLUMN "Tasks".price; Type: COMMENT; Schema: public; Owner: dnedtjrx
--

COMMENT ON COLUMN public."Tasks".price IS 'Сумма премии';


--
-- Name: COLUMN "Tasks".link; Type: COMMENT; Schema: public; Owner: dnedtjrx
--

COMMENT ON COLUMN public."Tasks".link IS 'Ссылка на первоисточник';


--
-- Name: COLUMN "Tasks".duration; Type: COMMENT; Schema: public; Owner: dnedtjrx
--

COMMENT ON COLUMN public."Tasks".duration IS 'Оцененная длительность в днях';


--
-- Name: COLUMN "Tasks"."dueDate"; Type: COMMENT; Schema: public; Owner: dnedtjrx
--

COMMENT ON COLUMN public."Tasks"."dueDate" IS 'Дедлайн';


--
-- Name: COLUMN "Tasks".weight; Type: COMMENT; Schema: public; Owner: dnedtjrx
--

COMMENT ON COLUMN public."Tasks".weight IS 'Требуемый процент задействования исполнителя';


--
-- Name: COLUMN "Tasks".status; Type: COMMENT; Schema: public; Owner: dnedtjrx
--

COMMENT ON COLUMN public."Tasks".status IS 'Текущий статус работы';


--
-- Name: COLUMN "Tasks".views; Type: COMMENT; Schema: public; Owner: dnedtjrx
--

COMMENT ON COLUMN public."Tasks".views IS 'Число просмотров';


--
-- Name: Tasks_id_seq; Type: SEQUENCE; Schema: public; Owner: dnedtjrx
--

CREATE SEQUENCE public."Tasks_id_seq"
    AS integer
    START WITH 1
    INCREMENT BY 1
    NO MINVALUE
    NO MAXVALUE
    CACHE 1;


ALTER TABLE public."Tasks_id_seq" OWNER TO dnedtjrx;

--
-- Name: Tasks_id_seq; Type: SEQUENCE OWNED BY; Schema: public; Owner: dnedtjrx
--

ALTER SEQUENCE public."Tasks_id_seq" OWNED BY public."Tasks".id;


--
-- Name: Users; Type: TABLE; Schema: public; Owner: dnedtjrx
--

CREATE TABLE public."Users" (
    id integer NOT NULL,
    name character varying(255),
    email character varying(255),
    password character varying(255),
    "createdAt" timestamp with time zone NOT NULL,
    "updatedAt" timestamp with time zone NOT NULL,
    guid character varying(255) DEFAULT NULL::character varying
);


ALTER TABLE public."Users" OWNER TO dnedtjrx;

--
-- Name: Users_id_seq; Type: SEQUENCE; Schema: public; Owner: dnedtjrx
--

CREATE SEQUENCE public."Users_id_seq"
    AS integer
    START WITH 1
    INCREMENT BY 1
    NO MINVALUE
    NO MAXVALUE
    CACHE 1;


ALTER TABLE public."Users_id_seq" OWNER TO dnedtjrx;

--
-- Name: Users_id_seq; Type: SEQUENCE OWNED BY; Schema: public; Owner: dnedtjrx
--

ALTER SEQUENCE public."Users_id_seq" OWNED BY public."Users".id;


--
-- Name: WantedSkills; Type: TABLE; Schema: public; Owner: dnedtjrx
--

CREATE TABLE public."WantedSkills" (
    "skillId" integer NOT NULL,
    "userId" integer NOT NULL,
    "createdAt" timestamp with time zone NOT NULL,
    "updatedAt" timestamp with time zone NOT NULL
);


ALTER TABLE public."WantedSkills" OWNER TO dnedtjrx;

--
-- Name: Files id; Type: DEFAULT; Schema: public; Owner: dnedtjrx
--

ALTER TABLE ONLY public."Files" ALTER COLUMN id SET DEFAULT nextval('public."Files_id_seq"'::regclass);


--
-- Name: Skills id; Type: DEFAULT; Schema: public; Owner: dnedtjrx
--

ALTER TABLE ONLY public."Skills" ALTER COLUMN id SET DEFAULT nextval('public."Skills_id_seq"'::regclass);


--
-- Name: Tasks id; Type: DEFAULT; Schema: public; Owner: dnedtjrx
--

ALTER TABLE ONLY public."Tasks" ALTER COLUMN id SET DEFAULT nextval('public."Tasks_id_seq"'::regclass);


--
-- Name: Users id; Type: DEFAULT; Schema: public; Owner: dnedtjrx
--

ALTER TABLE ONLY public."Users" ALTER COLUMN id SET DEFAULT nextval('public."Users_id_seq"'::regclass);


--
-- Data for Name: Applicants; Type: TABLE DATA; Schema: public; Owner: dnedtjrx
--

COPY public."Applicants" ("userId", "taskId", "createdAt", "updatedAt") FROM stdin;
285	206	2021-10-09 20:19:50+00	2021-10-09 20:19:50+00
233	206	2021-10-09 20:19:50+00	2021-10-09 20:19:50+00
261	206	2021-10-09 20:19:50+00	2021-10-09 20:19:50+00
271	206	2021-10-09 20:19:50+00	2021-10-09 20:19:50+00
298	206	2021-10-09 20:19:50+00	2021-10-09 20:19:50+00
226	207	2021-10-09 20:19:50+00	2021-10-09 20:19:50+00
296	207	2021-10-09 20:19:50+00	2021-10-09 20:19:50+00
271	207	2021-10-09 20:19:50+00	2021-10-09 20:19:50+00
286	207	2021-10-09 20:19:50+00	2021-10-09 20:19:50+00
230	207	2021-10-09 20:19:50+00	2021-10-09 20:19:50+00
290	207	2021-10-09 20:19:50+00	2021-10-09 20:19:50+00
299	208	2021-10-09 20:19:50+00	2021-10-09 20:19:50+00
285	208	2021-10-09 20:19:50+00	2021-10-09 20:19:50+00
227	208	2021-10-09 20:19:50+00	2021-10-09 20:19:50+00
281	208	2021-10-09 20:19:50+00	2021-10-09 20:19:50+00
281	209	2021-10-09 20:19:50+00	2021-10-09 20:19:50+00
301	209	2021-10-09 20:19:50+00	2021-10-09 20:19:50+00
253	210	2021-10-09 20:19:50+00	2021-10-09 20:19:50+00
224	210	2021-10-09 20:19:50+00	2021-10-09 20:19:50+00
268	210	2021-10-09 20:19:50+00	2021-10-09 20:19:50+00
237	210	2021-10-09 20:19:50+00	2021-10-09 20:19:50+00
238	211	2021-10-09 20:19:50+00	2021-10-09 20:19:50+00
294	211	2021-10-09 20:19:50+00	2021-10-09 20:19:50+00
277	211	2021-10-09 20:19:50+00	2021-10-09 20:19:50+00
259	212	2021-10-09 20:19:50+00	2021-10-09 20:19:50+00
258	212	2021-10-09 20:19:50+00	2021-10-09 20:19:50+00
274	212	2021-10-09 20:19:50+00	2021-10-09 20:19:50+00
277	212	2021-10-09 20:19:50+00	2021-10-09 20:19:50+00
284	212	2021-10-09 20:19:50+00	2021-10-09 20:19:50+00
295	212	2021-10-09 20:19:50+00	2021-10-09 20:19:50+00
235	212	2021-10-09 20:19:50+00	2021-10-09 20:19:50+00
218	213	2021-10-09 20:19:50+00	2021-10-09 20:19:50+00
231	213	2021-10-09 20:19:50+00	2021-10-09 20:19:50+00
228	213	2021-10-09 20:19:50+00	2021-10-09 20:19:50+00
304	213	2021-10-09 20:19:50+00	2021-10-09 20:19:50+00
305	213	2021-10-09 20:19:50+00	2021-10-09 20:19:50+00
260	213	2021-10-09 20:19:50+00	2021-10-09 20:19:50+00
248	213	2021-10-09 20:19:50+00	2021-10-09 20:19:50+00
287	213	2021-10-09 20:19:50+00	2021-10-09 20:19:50+00
235	214	2021-10-09 20:19:50+00	2021-10-09 20:19:50+00
234	214	2021-10-09 20:19:50+00	2021-10-09 20:19:50+00
263	214	2021-10-09 20:19:50+00	2021-10-09 20:19:50+00
232	214	2021-10-09 20:19:50+00	2021-10-09 20:19:50+00
301	214	2021-10-09 20:19:50+00	2021-10-09 20:19:50+00
298	214	2021-10-09 20:19:50+00	2021-10-09 20:19:50+00
222	214	2021-10-09 20:19:50+00	2021-10-09 20:19:50+00
210	214	2021-10-09 20:19:50+00	2021-10-09 20:19:50+00
231	214	2021-10-09 20:19:50+00	2021-10-09 20:19:50+00
242	215	2021-10-09 20:19:50+00	2021-10-09 20:19:50+00
272	215	2021-10-09 20:19:50+00	2021-10-09 20:19:50+00
255	215	2021-10-09 20:19:50+00	2021-10-09 20:19:50+00
258	215	2021-10-09 20:19:50+00	2021-10-09 20:19:50+00
217	215	2021-10-09 20:19:50+00	2021-10-09 20:19:50+00
303	215	2021-10-09 20:19:50+00	2021-10-09 20:19:50+00
218	215	2021-10-09 20:19:50+00	2021-10-09 20:19:50+00
278	215	2021-10-09 20:19:50+00	2021-10-09 20:19:50+00
225	216	2021-10-09 20:19:50+00	2021-10-09 20:19:50+00
224	216	2021-10-09 20:19:50+00	2021-10-09 20:19:50+00
215	216	2021-10-09 20:19:50+00	2021-10-09 20:19:50+00
264	216	2021-10-09 20:19:50+00	2021-10-09 20:19:50+00
218	217	2021-10-09 20:19:50+00	2021-10-09 20:19:50+00
287	217	2021-10-09 20:19:50+00	2021-10-09 20:19:50+00
276	217	2021-10-09 20:19:50+00	2021-10-09 20:19:50+00
209	217	2021-10-09 20:19:50+00	2021-10-09 20:19:50+00
243	217	2021-10-09 20:19:50+00	2021-10-09 20:19:50+00
252	217	2021-10-09 20:19:50+00	2021-10-09 20:19:50+00
249	217	2021-10-09 20:19:50+00	2021-10-09 20:19:50+00
281	217	2021-10-09 20:19:50+00	2021-10-09 20:19:50+00
257	217	2021-10-09 20:19:50+00	2021-10-09 20:19:50+00
234	217	2021-10-09 20:19:50+00	2021-10-09 20:19:50+00
269	218	2021-10-09 20:19:50+00	2021-10-09 20:19:50+00
265	218	2021-10-09 20:19:50+00	2021-10-09 20:19:50+00
223	218	2021-10-09 20:19:50+00	2021-10-09 20:19:50+00
290	218	2021-10-09 20:19:50+00	2021-10-09 20:19:50+00
233	218	2021-10-09 20:19:50+00	2021-10-09 20:19:50+00
236	218	2021-10-09 20:19:50+00	2021-10-09 20:19:50+00
274	218	2021-10-09 20:19:50+00	2021-10-09 20:19:50+00
287	218	2021-10-09 20:19:50+00	2021-10-09 20:19:50+00
234	218	2021-10-09 20:19:50+00	2021-10-09 20:19:50+00
209	218	2021-10-09 20:19:50+00	2021-10-09 20:19:50+00
270	218	2021-10-09 20:19:50+00	2021-10-09 20:19:50+00
281	219	2021-10-09 20:19:50+00	2021-10-09 20:19:50+00
234	219	2021-10-09 20:19:50+00	2021-10-09 20:19:50+00
283	219	2021-10-09 20:19:50+00	2021-10-09 20:19:50+00
254	219	2021-10-09 20:19:50+00	2021-10-09 20:19:50+00
257	219	2021-10-09 20:19:50+00	2021-10-09 20:19:50+00
265	219	2021-10-09 20:19:50+00	2021-10-09 20:19:50+00
274	219	2021-10-09 20:19:50+00	2021-10-09 20:19:50+00
245	219	2021-10-09 20:19:50+00	2021-10-09 20:19:50+00
273	219	2021-10-09 20:19:50+00	2021-10-09 20:19:50+00
295	220	2021-10-09 20:19:50+00	2021-10-09 20:19:50+00
294	220	2021-10-09 20:19:50+00	2021-10-09 20:19:50+00
289	220	2021-10-09 20:19:50+00	2021-10-09 20:19:50+00
244	220	2021-10-09 20:19:50+00	2021-10-09 20:19:50+00
305	220	2021-10-09 20:19:50+00	2021-10-09 20:19:50+00
235	221	2021-10-09 20:19:50+00	2021-10-09 20:19:50+00
296	221	2021-10-09 20:19:50+00	2021-10-09 20:19:50+00
269	221	2021-10-09 20:19:50+00	2021-10-09 20:19:50+00
279	221	2021-10-09 20:19:50+00	2021-10-09 20:19:50+00
242	221	2021-10-09 20:19:50+00	2021-10-09 20:19:50+00
250	222	2021-10-09 20:19:50+00	2021-10-09 20:19:50+00
220	222	2021-10-09 20:19:50+00	2021-10-09 20:19:50+00
281	222	2021-10-09 20:19:50+00	2021-10-09 20:19:50+00
289	222	2021-10-09 20:19:50+00	2021-10-09 20:19:50+00
218	222	2021-10-09 20:19:50+00	2021-10-09 20:19:50+00
221	222	2021-10-09 20:19:50+00	2021-10-09 20:19:50+00
240	222	2021-10-09 20:19:50+00	2021-10-09 20:19:50+00
291	222	2021-10-09 20:19:50+00	2021-10-09 20:19:50+00
239	222	2021-10-09 20:19:50+00	2021-10-09 20:19:50+00
294	222	2021-10-09 20:19:50+00	2021-10-09 20:19:50+00
296	223	2021-10-09 20:19:50+00	2021-10-09 20:19:50+00
272	223	2021-10-09 20:19:50+00	2021-10-09 20:19:50+00
236	223	2021-10-09 20:19:50+00	2021-10-09 20:19:50+00
271	223	2021-10-09 20:19:50+00	2021-10-09 20:19:50+00
232	223	2021-10-09 20:19:50+00	2021-10-09 20:19:50+00
234	223	2021-10-09 20:19:50+00	2021-10-09 20:19:50+00
304	224	2021-10-09 20:19:50+00	2021-10-09 20:19:50+00
218	224	2021-10-09 20:19:50+00	2021-10-09 20:19:50+00
298	225	2021-10-09 20:19:50+00	2021-10-09 20:19:50+00
218	225	2021-10-09 20:19:50+00	2021-10-09 20:19:50+00
241	226	2021-10-09 20:19:50+00	2021-10-09 20:19:50+00
222	226	2021-10-09 20:19:50+00	2021-10-09 20:19:50+00
279	226	2021-10-09 20:19:50+00	2021-10-09 20:19:50+00
278	226	2021-10-09 20:19:50+00	2021-10-09 20:19:50+00
265	226	2021-10-09 20:19:50+00	2021-10-09 20:19:50+00
303	226	2021-10-09 20:19:50+00	2021-10-09 20:19:50+00
209	226	2021-10-09 20:19:50+00	2021-10-09 20:19:50+00
229	226	2021-10-09 20:19:50+00	2021-10-09 20:19:50+00
263	227	2021-10-09 20:19:50+00	2021-10-09 20:19:50+00
249	227	2021-10-09 20:19:50+00	2021-10-09 20:19:50+00
290	227	2021-10-09 20:19:50+00	2021-10-09 20:19:50+00
290	228	2021-10-09 20:19:50+00	2021-10-09 20:19:50+00
275	229	2021-10-09 20:19:50+00	2021-10-09 20:19:50+00
222	229	2021-10-09 20:19:50+00	2021-10-09 20:19:50+00
297	229	2021-10-09 20:19:50+00	2021-10-09 20:19:50+00
225	229	2021-10-09 20:19:50+00	2021-10-09 20:19:50+00
228	229	2021-10-09 20:19:50+00	2021-10-09 20:19:50+00
229	230	2021-10-09 20:19:50+00	2021-10-09 20:19:50+00
210	230	2021-10-09 20:19:50+00	2021-10-09 20:19:50+00
288	230	2021-10-09 20:19:50+00	2021-10-09 20:19:50+00
218	230	2021-10-09 20:19:50+00	2021-10-09 20:19:50+00
214	230	2021-10-09 20:19:50+00	2021-10-09 20:19:50+00
237	230	2021-10-09 20:19:50+00	2021-10-09 20:19:50+00
292	230	2021-10-09 20:19:50+00	2021-10-09 20:19:50+00
221	230	2021-10-09 20:19:50+00	2021-10-09 20:19:50+00
230	230	2021-10-09 20:19:50+00	2021-10-09 20:19:50+00
232	230	2021-10-09 20:19:50+00	2021-10-09 20:19:50+00
223	230	2021-10-09 20:19:50+00	2021-10-09 20:19:50+00
219	230	2021-10-09 20:19:50+00	2021-10-09 20:19:50+00
209	231	2021-10-09 20:19:50+00	2021-10-09 20:19:50+00
238	232	2021-10-09 20:19:50+00	2021-10-09 20:19:50+00
264	232	2021-10-09 20:19:50+00	2021-10-09 20:19:50+00
289	232	2021-10-09 20:19:50+00	2021-10-09 20:19:50+00
278	232	2021-10-09 20:19:50+00	2021-10-09 20:19:50+00
299	232	2021-10-09 20:19:50+00	2021-10-09 20:19:50+00
252	232	2021-10-09 20:19:50+00	2021-10-09 20:19:50+00
292	232	2021-10-09 20:19:50+00	2021-10-09 20:19:50+00
233	232	2021-10-09 20:19:50+00	2021-10-09 20:19:50+00
281	233	2021-10-09 20:19:50+00	2021-10-09 20:19:50+00
235	233	2021-10-09 20:19:50+00	2021-10-09 20:19:50+00
232	233	2021-10-09 20:19:50+00	2021-10-09 20:19:50+00
247	233	2021-10-09 20:19:50+00	2021-10-09 20:19:50+00
218	233	2021-10-09 20:19:50+00	2021-10-09 20:19:50+00
305	234	2021-10-09 20:19:50+00	2021-10-09 20:19:50+00
223	235	2021-10-09 20:19:50+00	2021-10-09 20:19:50+00
274	235	2021-10-09 20:19:50+00	2021-10-09 20:19:50+00
217	235	2021-10-09 20:19:50+00	2021-10-09 20:19:50+00
294	235	2021-10-09 20:19:50+00	2021-10-09 20:19:50+00
287	235	2021-10-09 20:19:50+00	2021-10-09 20:19:50+00
235	235	2021-10-09 20:19:50+00	2021-10-09 20:19:50+00
263	235	2021-10-09 20:19:50+00	2021-10-09 20:19:50+00
225	235	2021-10-09 20:19:50+00	2021-10-09 20:19:50+00
221	235	2021-10-09 20:19:50+00	2021-10-09 20:19:50+00
215	236	2021-10-09 20:19:50+00	2021-10-09 20:19:50+00
247	236	2021-10-09 20:19:50+00	2021-10-09 20:19:50+00
244	236	2021-10-09 20:19:50+00	2021-10-09 20:19:50+00
213	236	2021-10-09 20:19:50+00	2021-10-09 20:19:50+00
279	236	2021-10-09 20:19:50+00	2021-10-09 20:19:50+00
273	236	2021-10-09 20:19:50+00	2021-10-09 20:19:50+00
271	237	2021-10-09 20:19:50+00	2021-10-09 20:19:50+00
287	237	2021-10-09 20:19:50+00	2021-10-09 20:19:50+00
256	237	2021-10-09 20:19:50+00	2021-10-09 20:19:50+00
227	237	2021-10-09 20:19:50+00	2021-10-09 20:19:50+00
241	237	2021-10-09 20:19:50+00	2021-10-09 20:19:50+00
235	237	2021-10-09 20:19:50+00	2021-10-09 20:19:50+00
255	238	2021-10-09 20:19:50+00	2021-10-09 20:19:50+00
228	239	2021-10-09 20:19:50+00	2021-10-09 20:19:50+00
300	239	2021-10-09 20:19:50+00	2021-10-09 20:19:50+00
290	239	2021-10-09 20:19:50+00	2021-10-09 20:19:50+00
223	239	2021-10-09 20:19:50+00	2021-10-09 20:19:50+00
292	239	2021-10-09 20:19:50+00	2021-10-09 20:19:50+00
297	239	2021-10-09 20:19:50+00	2021-10-09 20:19:50+00
255	239	2021-10-09 20:19:50+00	2021-10-09 20:19:50+00
301	239	2021-10-09 20:19:50+00	2021-10-09 20:19:50+00
279	239	2021-10-09 20:19:50+00	2021-10-09 20:19:50+00
230	239	2021-10-09 20:19:50+00	2021-10-09 20:19:50+00
271	239	2021-10-09 20:19:50+00	2021-10-09 20:19:50+00
218	239	2021-10-09 20:19:50+00	2021-10-09 20:19:50+00
236	240	2021-10-09 20:19:50+00	2021-10-09 20:19:50+00
291	240	2021-10-09 20:19:50+00	2021-10-09 20:19:50+00
303	240	2021-10-09 20:19:50+00	2021-10-09 20:19:50+00
234	240	2021-10-09 20:19:50+00	2021-10-09 20:19:50+00
212	240	2021-10-09 20:19:50+00	2021-10-09 20:19:50+00
294	240	2021-10-09 20:19:50+00	2021-10-09 20:19:50+00
219	240	2021-10-09 20:19:50+00	2021-10-09 20:19:50+00
268	240	2021-10-09 20:19:50+00	2021-10-09 20:19:50+00
281	240	2021-10-09 20:19:50+00	2021-10-09 20:19:50+00
215	240	2021-10-09 20:19:50+00	2021-10-09 20:19:50+00
278	241	2021-10-09 20:19:50+00	2021-10-09 20:19:50+00
212	241	2021-10-09 20:19:50+00	2021-10-09 20:19:50+00
219	241	2021-10-09 20:19:50+00	2021-10-09 20:19:50+00
270	241	2021-10-09 20:19:50+00	2021-10-09 20:19:50+00
231	241	2021-10-09 20:19:50+00	2021-10-09 20:19:50+00
266	241	2021-10-09 20:19:50+00	2021-10-09 20:19:50+00
238	241	2021-10-09 20:19:50+00	2021-10-09 20:19:50+00
296	241	2021-10-09 20:19:50+00	2021-10-09 20:19:50+00
256	242	2021-10-09 20:19:50+00	2021-10-09 20:19:50+00
264	242	2021-10-09 20:19:50+00	2021-10-09 20:19:50+00
212	242	2021-10-09 20:19:50+00	2021-10-09 20:19:50+00
275	242	2021-10-09 20:19:50+00	2021-10-09 20:19:50+00
237	242	2021-10-09 20:19:50+00	2021-10-09 20:19:50+00
255	242	2021-10-09 20:19:50+00	2021-10-09 20:19:50+00
305	242	2021-10-09 20:19:50+00	2021-10-09 20:19:50+00
270	242	2021-10-09 20:19:50+00	2021-10-09 20:19:50+00
238	243	2021-10-09 20:19:50+00	2021-10-09 20:19:50+00
239	243	2021-10-09 20:19:50+00	2021-10-09 20:19:50+00
291	243	2021-10-09 20:19:50+00	2021-10-09 20:19:50+00
233	244	2021-10-09 20:19:50+00	2021-10-09 20:19:50+00
215	244	2021-10-09 20:19:50+00	2021-10-09 20:19:50+00
265	244	2021-10-09 20:19:50+00	2021-10-09 20:19:50+00
226	244	2021-10-09 20:19:50+00	2021-10-09 20:19:50+00
278	244	2021-10-09 20:19:50+00	2021-10-09 20:19:50+00
224	244	2021-10-09 20:19:50+00	2021-10-09 20:19:50+00
255	244	2021-10-09 20:19:50+00	2021-10-09 20:19:50+00
290	244	2021-10-09 20:19:50+00	2021-10-09 20:19:50+00
209	244	2021-10-09 20:19:50+00	2021-10-09 20:19:50+00
228	244	2021-10-09 20:19:50+00	2021-10-09 20:19:50+00
287	244	2021-10-09 20:19:50+00	2021-10-09 20:19:50+00
267	244	2021-10-09 20:19:50+00	2021-10-09 20:19:50+00
286	245	2021-10-09 20:19:50+00	2021-10-09 20:19:50+00
230	245	2021-10-09 20:19:50+00	2021-10-09 20:19:50+00
211	245	2021-10-09 20:19:50+00	2021-10-09 20:19:50+00
219	245	2021-10-09 20:19:50+00	2021-10-09 20:19:50+00
222	245	2021-10-09 20:19:50+00	2021-10-09 20:19:50+00
283	245	2021-10-09 20:19:50+00	2021-10-09 20:19:50+00
243	246	2021-10-09 20:19:50+00	2021-10-09 20:19:50+00
224	246	2021-10-09 20:19:50+00	2021-10-09 20:19:50+00
282	246	2021-10-09 20:19:50+00	2021-10-09 20:19:50+00
274	246	2021-10-09 20:19:50+00	2021-10-09 20:19:50+00
209	246	2021-10-09 20:19:50+00	2021-10-09 20:19:50+00
278	246	2021-10-09 20:19:50+00	2021-10-09 20:19:50+00
292	246	2021-10-09 20:19:50+00	2021-10-09 20:19:50+00
249	246	2021-10-09 20:19:50+00	2021-10-09 20:19:50+00
220	246	2021-10-09 20:19:50+00	2021-10-09 20:19:50+00
254	246	2021-10-09 20:19:50+00	2021-10-09 20:19:50+00
261	246	2021-10-09 20:19:50+00	2021-10-09 20:19:50+00
267	246	2021-10-09 20:19:50+00	2021-10-09 20:19:50+00
296	247	2021-10-09 20:19:50+00	2021-10-09 20:19:50+00
247	247	2021-10-09 20:19:50+00	2021-10-09 20:19:50+00
292	247	2021-10-09 20:19:50+00	2021-10-09 20:19:50+00
238	248	2021-10-09 20:19:50+00	2021-10-09 20:19:50+00
242	248	2021-10-09 20:19:50+00	2021-10-09 20:19:50+00
273	248	2021-10-09 20:19:50+00	2021-10-09 20:19:50+00
290	248	2021-10-09 20:19:50+00	2021-10-09 20:19:50+00
301	248	2021-10-09 20:19:50+00	2021-10-09 20:19:50+00
297	248	2021-10-09 20:19:50+00	2021-10-09 20:19:50+00
282	248	2021-10-09 20:19:50+00	2021-10-09 20:19:50+00
299	248	2021-10-09 20:19:50+00	2021-10-09 20:19:50+00
240	248	2021-10-09 20:19:50+00	2021-10-09 20:19:50+00
231	248	2021-10-09 20:19:50+00	2021-10-09 20:19:50+00
221	249	2021-10-09 20:19:50+00	2021-10-09 20:19:50+00
284	249	2021-10-09 20:19:50+00	2021-10-09 20:19:50+00
257	249	2021-10-09 20:19:50+00	2021-10-09 20:19:50+00
256	249	2021-10-09 20:19:50+00	2021-10-09 20:19:50+00
276	249	2021-10-09 20:19:50+00	2021-10-09 20:19:50+00
283	249	2021-10-09 20:19:50+00	2021-10-09 20:19:50+00
297	249	2021-10-09 20:19:50+00	2021-10-09 20:19:50+00
230	249	2021-10-09 20:19:50+00	2021-10-09 20:19:50+00
241	249	2021-10-09 20:19:50+00	2021-10-09 20:19:50+00
264	249	2021-10-09 20:19:50+00	2021-10-09 20:19:50+00
300	249	2021-10-09 20:19:50+00	2021-10-09 20:19:50+00
209	250	2021-10-09 20:19:50+00	2021-10-09 20:19:50+00
266	250	2021-10-09 20:19:50+00	2021-10-09 20:19:50+00
284	250	2021-10-09 20:19:50+00	2021-10-09 20:19:50+00
249	250	2021-10-09 20:19:50+00	2021-10-09 20:19:50+00
251	250	2021-10-09 20:19:50+00	2021-10-09 20:19:50+00
243	250	2021-10-09 20:19:50+00	2021-10-09 20:19:50+00
227	250	2021-10-09 20:19:50+00	2021-10-09 20:19:50+00
226	250	2021-10-09 20:19:50+00	2021-10-09 20:19:50+00
295	250	2021-10-09 20:19:50+00	2021-10-09 20:19:50+00
238	251	2021-10-09 20:19:50+00	2021-10-09 20:19:50+00
275	251	2021-10-09 20:19:50+00	2021-10-09 20:19:50+00
273	251	2021-10-09 20:19:50+00	2021-10-09 20:19:50+00
299	251	2021-10-09 20:19:50+00	2021-10-09 20:19:50+00
305	251	2021-10-09 20:19:50+00	2021-10-09 20:19:50+00
224	252	2021-10-09 20:19:50+00	2021-10-09 20:19:50+00
282	252	2021-10-09 20:19:50+00	2021-10-09 20:19:50+00
260	252	2021-10-09 20:19:50+00	2021-10-09 20:19:50+00
216	252	2021-10-09 20:19:50+00	2021-10-09 20:19:50+00
276	252	2021-10-09 20:19:50+00	2021-10-09 20:19:50+00
218	252	2021-10-09 20:19:50+00	2021-10-09 20:19:50+00
264	252	2021-10-09 20:19:50+00	2021-10-09 20:19:50+00
296	252	2021-10-09 20:19:50+00	2021-10-09 20:19:50+00
226	252	2021-10-09 20:19:50+00	2021-10-09 20:19:50+00
240	252	2021-10-09 20:19:50+00	2021-10-09 20:19:50+00
255	252	2021-10-09 20:19:50+00	2021-10-09 20:19:50+00
268	253	2021-10-09 20:19:50+00	2021-10-09 20:19:50+00
211	253	2021-10-09 20:19:50+00	2021-10-09 20:19:50+00
232	253	2021-10-09 20:19:50+00	2021-10-09 20:19:50+00
266	254	2021-10-09 20:19:50+00	2021-10-09 20:19:50+00
279	255	2021-10-09 20:19:50+00	2021-10-09 20:19:50+00
245	255	2021-10-09 20:19:50+00	2021-10-09 20:19:50+00
278	255	2021-10-09 20:19:50+00	2021-10-09 20:19:50+00
269	255	2021-10-09 20:19:50+00	2021-10-09 20:19:50+00
256	255	2021-10-09 20:19:50+00	2021-10-09 20:19:50+00
211	255	2021-10-09 20:19:50+00	2021-10-09 20:19:50+00
243	255	2021-10-09 20:19:50+00	2021-10-09 20:19:50+00
293	257	2021-10-09 20:19:50+00	2021-10-09 20:19:50+00
210	257	2021-10-09 20:19:50+00	2021-10-09 20:19:50+00
240	257	2021-10-09 20:19:50+00	2021-10-09 20:19:50+00
231	257	2021-10-09 20:19:50+00	2021-10-09 20:19:50+00
223	257	2021-10-09 20:19:50+00	2021-10-09 20:19:50+00
250	257	2021-10-09 20:19:50+00	2021-10-09 20:19:50+00
289	257	2021-10-09 20:19:50+00	2021-10-09 20:19:50+00
224	257	2021-10-09 20:19:50+00	2021-10-09 20:19:50+00
263	257	2021-10-09 20:19:50+00	2021-10-09 20:19:50+00
273	257	2021-10-09 20:19:50+00	2021-10-09 20:19:50+00
298	258	2021-10-09 20:19:50+00	2021-10-09 20:19:50+00
210	258	2021-10-09 20:19:50+00	2021-10-09 20:19:50+00
290	258	2021-10-09 20:19:50+00	2021-10-09 20:19:50+00
222	258	2021-10-09 20:19:50+00	2021-10-09 20:19:50+00
213	258	2021-10-09 20:19:50+00	2021-10-09 20:19:50+00
303	258	2021-10-09 20:19:50+00	2021-10-09 20:19:50+00
248	258	2021-10-09 20:19:50+00	2021-10-09 20:19:50+00
297	258	2021-10-09 20:19:50+00	2021-10-09 20:19:50+00
240	258	2021-10-09 20:19:50+00	2021-10-09 20:19:50+00
283	258	2021-10-09 20:19:50+00	2021-10-09 20:19:50+00
272	258	2021-10-09 20:19:50+00	2021-10-09 20:19:50+00
231	258	2021-10-09 20:19:50+00	2021-10-09 20:19:50+00
243	259	2021-10-09 20:19:50+00	2021-10-09 20:19:50+00
220	260	2021-10-09 20:19:50+00	2021-10-09 20:19:50+00
296	260	2021-10-09 20:19:50+00	2021-10-09 20:19:50+00
289	260	2021-10-09 20:19:50+00	2021-10-09 20:19:50+00
232	260	2021-10-09 20:19:50+00	2021-10-09 20:19:50+00
277	260	2021-10-09 20:19:50+00	2021-10-09 20:19:50+00
251	260	2021-10-09 20:19:50+00	2021-10-09 20:19:50+00
290	260	2021-10-09 20:19:50+00	2021-10-09 20:19:50+00
280	260	2021-10-09 20:19:50+00	2021-10-09 20:19:50+00
216	260	2021-10-09 20:19:50+00	2021-10-09 20:19:50+00
220	261	2021-10-09 20:19:50+00	2021-10-09 20:19:50+00
263	261	2021-10-09 20:19:50+00	2021-10-09 20:19:50+00
286	261	2021-10-09 20:19:50+00	2021-10-09 20:19:50+00
230	261	2021-10-09 20:19:50+00	2021-10-09 20:19:50+00
256	261	2021-10-09 20:19:50+00	2021-10-09 20:19:50+00
272	262	2021-10-09 20:19:50+00	2021-10-09 20:19:50+00
271	262	2021-10-09 20:19:50+00	2021-10-09 20:19:50+00
296	262	2021-10-09 20:19:50+00	2021-10-09 20:19:50+00
258	262	2021-10-09 20:19:50+00	2021-10-09 20:19:50+00
257	263	2021-10-09 20:19:50+00	2021-10-09 20:19:50+00
237	263	2021-10-09 20:19:50+00	2021-10-09 20:19:50+00
239	263	2021-10-09 20:19:50+00	2021-10-09 20:19:50+00
264	263	2021-10-09 20:19:50+00	2021-10-09 20:19:50+00
265	263	2021-10-09 20:19:50+00	2021-10-09 20:19:50+00
305	263	2021-10-09 20:19:50+00	2021-10-09 20:19:50+00
242	263	2021-10-09 20:19:50+00	2021-10-09 20:19:50+00
292	264	2021-10-09 20:19:50+00	2021-10-09 20:19:50+00
230	264	2021-10-09 20:19:50+00	2021-10-09 20:19:50+00
276	264	2021-10-09 20:19:50+00	2021-10-09 20:19:50+00
280	264	2021-10-09 20:19:50+00	2021-10-09 20:19:50+00
211	264	2021-10-09 20:19:50+00	2021-10-09 20:19:50+00
222	264	2021-10-09 20:19:50+00	2021-10-09 20:19:50+00
235	264	2021-10-09 20:19:50+00	2021-10-09 20:19:50+00
255	264	2021-10-09 20:19:50+00	2021-10-09 20:19:50+00
304	264	2021-10-09 20:19:50+00	2021-10-09 20:19:50+00
288	264	2021-10-09 20:19:50+00	2021-10-09 20:19:50+00
221	265	2021-10-09 20:19:50+00	2021-10-09 20:19:50+00
279	265	2021-10-09 20:19:50+00	2021-10-09 20:19:50+00
239	265	2021-10-09 20:19:50+00	2021-10-09 20:19:50+00
241	265	2021-10-09 20:19:50+00	2021-10-09 20:19:50+00
294	265	2021-10-09 20:19:50+00	2021-10-09 20:19:50+00
277	265	2021-10-09 20:19:50+00	2021-10-09 20:19:50+00
222	265	2021-10-09 20:19:50+00	2021-10-09 20:19:50+00
289	265	2021-10-09 20:19:50+00	2021-10-09 20:19:50+00
287	265	2021-10-09 20:19:50+00	2021-10-09 20:19:50+00
249	266	2021-10-09 20:19:50+00	2021-10-09 20:19:50+00
230	266	2021-10-09 20:19:50+00	2021-10-09 20:19:50+00
225	266	2021-10-09 20:19:50+00	2021-10-09 20:19:50+00
290	266	2021-10-09 20:19:50+00	2021-10-09 20:19:50+00
239	266	2021-10-09 20:19:50+00	2021-10-09 20:19:50+00
303	266	2021-10-09 20:19:50+00	2021-10-09 20:19:50+00
229	266	2021-10-09 20:19:50+00	2021-10-09 20:19:50+00
259	266	2021-10-09 20:19:50+00	2021-10-09 20:19:50+00
271	266	2021-10-09 20:19:50+00	2021-10-09 20:19:50+00
277	266	2021-10-09 20:19:50+00	2021-10-09 20:19:50+00
211	266	2021-10-09 20:19:50+00	2021-10-09 20:19:50+00
209	266	2021-10-09 20:19:50+00	2021-10-09 20:19:50+00
265	267	2021-10-09 20:19:50+00	2021-10-09 20:19:50+00
290	267	2021-10-09 20:19:50+00	2021-10-09 20:19:50+00
230	267	2021-10-09 20:19:50+00	2021-10-09 20:19:50+00
289	267	2021-10-09 20:19:50+00	2021-10-09 20:19:50+00
275	267	2021-10-09 20:19:50+00	2021-10-09 20:19:50+00
222	267	2021-10-09 20:19:50+00	2021-10-09 20:19:50+00
213	267	2021-10-09 20:19:50+00	2021-10-09 20:19:50+00
269	267	2021-10-09 20:19:50+00	2021-10-09 20:19:50+00
298	267	2021-10-09 20:19:50+00	2021-10-09 20:19:50+00
259	268	2021-10-09 20:19:50+00	2021-10-09 20:19:50+00
245	268	2021-10-09 20:19:50+00	2021-10-09 20:19:50+00
269	268	2021-10-09 20:19:50+00	2021-10-09 20:19:50+00
223	268	2021-10-09 20:19:50+00	2021-10-09 20:19:50+00
231	269	2021-10-09 20:19:50+00	2021-10-09 20:19:50+00
268	269	2021-10-09 20:19:50+00	2021-10-09 20:19:50+00
247	269	2021-10-09 20:19:50+00	2021-10-09 20:19:50+00
249	269	2021-10-09 20:19:50+00	2021-10-09 20:19:50+00
255	269	2021-10-09 20:19:50+00	2021-10-09 20:19:50+00
269	269	2021-10-09 20:19:50+00	2021-10-09 20:19:50+00
295	269	2021-10-09 20:19:50+00	2021-10-09 20:19:50+00
290	269	2021-10-09 20:19:50+00	2021-10-09 20:19:50+00
254	269	2021-10-09 20:19:50+00	2021-10-09 20:19:50+00
297	269	2021-10-09 20:19:50+00	2021-10-09 20:19:50+00
240	270	2021-10-09 20:19:50+00	2021-10-09 20:19:50+00
261	270	2021-10-09 20:19:50+00	2021-10-09 20:19:50+00
234	270	2021-10-09 20:19:50+00	2021-10-09 20:19:50+00
217	270	2021-10-09 20:19:50+00	2021-10-09 20:19:50+00
213	270	2021-10-09 20:19:50+00	2021-10-09 20:19:50+00
298	270	2021-10-09 20:19:50+00	2021-10-09 20:19:50+00
221	270	2021-10-09 20:19:50+00	2021-10-09 20:19:50+00
223	270	2021-10-09 20:19:50+00	2021-10-09 20:19:50+00
259	270	2021-10-09 20:19:50+00	2021-10-09 20:19:50+00
301	270	2021-10-09 20:19:50+00	2021-10-09 20:19:50+00
240	271	2021-10-09 20:19:50+00	2021-10-09 20:19:50+00
246	271	2021-10-09 20:19:50+00	2021-10-09 20:19:50+00
273	271	2021-10-09 20:19:50+00	2021-10-09 20:19:50+00
287	271	2021-10-09 20:19:50+00	2021-10-09 20:19:50+00
210	271	2021-10-09 20:19:50+00	2021-10-09 20:19:50+00
271	272	2021-10-09 20:19:50+00	2021-10-09 20:19:50+00
259	272	2021-10-09 20:19:50+00	2021-10-09 20:19:50+00
250	272	2021-10-09 20:19:50+00	2021-10-09 20:19:50+00
226	272	2021-10-09 20:19:50+00	2021-10-09 20:19:50+00
298	272	2021-10-09 20:19:50+00	2021-10-09 20:19:50+00
290	272	2021-10-09 20:19:50+00	2021-10-09 20:19:50+00
287	272	2021-10-09 20:19:50+00	2021-10-09 20:19:50+00
302	272	2021-10-09 20:19:50+00	2021-10-09 20:19:50+00
242	272	2021-10-09 20:19:50+00	2021-10-09 20:19:50+00
223	273	2021-10-09 20:19:50+00	2021-10-09 20:19:50+00
292	273	2021-10-09 20:19:50+00	2021-10-09 20:19:50+00
240	273	2021-10-09 20:19:50+00	2021-10-09 20:19:50+00
216	273	2021-10-09 20:19:50+00	2021-10-09 20:19:50+00
209	273	2021-10-09 20:19:50+00	2021-10-09 20:19:50+00
285	273	2021-10-09 20:19:50+00	2021-10-09 20:19:50+00
238	273	2021-10-09 20:19:50+00	2021-10-09 20:19:50+00
271	273	2021-10-09 20:19:50+00	2021-10-09 20:19:50+00
248	273	2021-10-09 20:19:50+00	2021-10-09 20:19:50+00
243	273	2021-10-09 20:19:50+00	2021-10-09 20:19:50+00
269	273	2021-10-09 20:19:50+00	2021-10-09 20:19:50+00
246	274	2021-10-09 20:19:50+00	2021-10-09 20:19:50+00
221	274	2021-10-09 20:19:50+00	2021-10-09 20:19:50+00
274	274	2021-10-09 20:19:50+00	2021-10-09 20:19:50+00
275	275	2021-10-09 20:19:50+00	2021-10-09 20:19:50+00
212	276	2021-10-09 20:19:50+00	2021-10-09 20:19:50+00
215	276	2021-10-09 20:19:50+00	2021-10-09 20:19:50+00
271	276	2021-10-09 20:19:50+00	2021-10-09 20:19:50+00
243	276	2021-10-09 20:19:50+00	2021-10-09 20:19:50+00
268	276	2021-10-09 20:19:50+00	2021-10-09 20:19:50+00
277	276	2021-10-09 20:19:50+00	2021-10-09 20:19:50+00
209	276	2021-10-09 20:19:50+00	2021-10-09 20:19:50+00
248	276	2021-10-09 20:19:50+00	2021-10-09 20:19:50+00
272	276	2021-10-09 20:19:50+00	2021-10-09 20:19:50+00
224	276	2021-10-09 20:19:50+00	2021-10-09 20:19:50+00
287	276	2021-10-09 20:19:50+00	2021-10-09 20:19:50+00
219	276	2021-10-09 20:19:50+00	2021-10-09 20:19:50+00
218	277	2021-10-09 20:19:50+00	2021-10-09 20:19:50+00
209	277	2021-10-09 20:19:50+00	2021-10-09 20:19:50+00
225	277	2021-10-09 20:19:50+00	2021-10-09 20:19:50+00
262	277	2021-10-09 20:19:50+00	2021-10-09 20:19:50+00
236	277	2021-10-09 20:19:50+00	2021-10-09 20:19:50+00
305	277	2021-10-09 20:19:50+00	2021-10-09 20:19:50+00
211	277	2021-10-09 20:19:50+00	2021-10-09 20:19:50+00
240	277	2021-10-09 20:19:50+00	2021-10-09 20:19:50+00
243	277	2021-10-09 20:19:50+00	2021-10-09 20:19:50+00
270	278	2021-10-09 20:19:50+00	2021-10-09 20:19:50+00
223	279	2021-10-09 20:19:50+00	2021-10-09 20:19:50+00
248	279	2021-10-09 20:19:50+00	2021-10-09 20:19:50+00
210	279	2021-10-09 20:19:50+00	2021-10-09 20:19:50+00
293	279	2021-10-09 20:19:50+00	2021-10-09 20:19:50+00
234	279	2021-10-09 20:19:50+00	2021-10-09 20:19:50+00
246	279	2021-10-09 20:19:50+00	2021-10-09 20:19:50+00
257	280	2021-10-09 20:19:50+00	2021-10-09 20:19:50+00
270	280	2021-10-09 20:19:50+00	2021-10-09 20:19:50+00
219	281	2021-10-09 20:19:50+00	2021-10-09 20:19:50+00
253	281	2021-10-09 20:19:50+00	2021-10-09 20:19:50+00
283	281	2021-10-09 20:19:50+00	2021-10-09 20:19:50+00
236	281	2021-10-09 20:19:50+00	2021-10-09 20:19:50+00
248	281	2021-10-09 20:19:50+00	2021-10-09 20:19:50+00
276	281	2021-10-09 20:19:50+00	2021-10-09 20:19:50+00
234	281	2021-10-09 20:19:50+00	2021-10-09 20:19:50+00
291	282	2021-10-09 20:19:50+00	2021-10-09 20:19:50+00
270	282	2021-10-09 20:19:50+00	2021-10-09 20:19:50+00
283	282	2021-10-09 20:19:50+00	2021-10-09 20:19:50+00
262	282	2021-10-09 20:19:50+00	2021-10-09 20:19:50+00
238	282	2021-10-09 20:19:50+00	2021-10-09 20:19:50+00
278	283	2021-10-09 20:19:50+00	2021-10-09 20:19:50+00
226	283	2021-10-09 20:19:50+00	2021-10-09 20:19:50+00
269	283	2021-10-09 20:19:50+00	2021-10-09 20:19:50+00
235	283	2021-10-09 20:19:50+00	2021-10-09 20:19:50+00
257	283	2021-10-09 20:19:50+00	2021-10-09 20:19:50+00
287	283	2021-10-09 20:19:50+00	2021-10-09 20:19:50+00
267	283	2021-10-09 20:19:50+00	2021-10-09 20:19:50+00
281	283	2021-10-09 20:19:50+00	2021-10-09 20:19:50+00
244	283	2021-10-09 20:19:50+00	2021-10-09 20:19:50+00
266	284	2021-10-09 20:19:50+00	2021-10-09 20:19:50+00
225	284	2021-10-09 20:19:50+00	2021-10-09 20:19:50+00
213	284	2021-10-09 20:19:50+00	2021-10-09 20:19:50+00
220	285	2021-10-09 20:19:50+00	2021-10-09 20:19:50+00
249	285	2021-10-09 20:19:50+00	2021-10-09 20:19:50+00
237	285	2021-10-09 20:19:50+00	2021-10-09 20:19:50+00
247	285	2021-10-09 20:19:50+00	2021-10-09 20:19:50+00
234	285	2021-10-09 20:19:50+00	2021-10-09 20:19:50+00
305	285	2021-10-09 20:19:50+00	2021-10-09 20:19:50+00
212	285	2021-10-09 20:19:50+00	2021-10-09 20:19:50+00
214	285	2021-10-09 20:19:50+00	2021-10-09 20:19:50+00
256	285	2021-10-09 20:19:50+00	2021-10-09 20:19:50+00
269	285	2021-10-09 20:19:50+00	2021-10-09 20:19:50+00
268	285	2021-10-09 20:19:50+00	2021-10-09 20:19:50+00
277	285	2021-10-09 20:19:50+00	2021-10-09 20:19:50+00
268	286	2021-10-09 20:19:50+00	2021-10-09 20:19:50+00
290	286	2021-10-09 20:19:50+00	2021-10-09 20:19:50+00
245	286	2021-10-09 20:19:50+00	2021-10-09 20:19:50+00
248	286	2021-10-09 20:19:50+00	2021-10-09 20:19:50+00
237	286	2021-10-09 20:19:50+00	2021-10-09 20:19:50+00
294	286	2021-10-09 20:19:50+00	2021-10-09 20:19:50+00
285	286	2021-10-09 20:19:50+00	2021-10-09 20:19:50+00
282	286	2021-10-09 20:19:50+00	2021-10-09 20:19:50+00
255	286	2021-10-09 20:19:50+00	2021-10-09 20:19:50+00
292	286	2021-10-09 20:19:50+00	2021-10-09 20:19:50+00
289	287	2021-10-09 20:19:50+00	2021-10-09 20:19:50+00
276	287	2021-10-09 20:19:50+00	2021-10-09 20:19:50+00
224	288	2021-10-09 20:19:50+00	2021-10-09 20:19:50+00
253	289	2021-10-09 20:19:50+00	2021-10-09 20:19:50+00
250	289	2021-10-09 20:19:50+00	2021-10-09 20:19:50+00
223	289	2021-10-09 20:19:50+00	2021-10-09 20:19:50+00
302	289	2021-10-09 20:19:50+00	2021-10-09 20:19:50+00
257	289	2021-10-09 20:19:50+00	2021-10-09 20:19:50+00
292	289	2021-10-09 20:19:50+00	2021-10-09 20:19:50+00
305	289	2021-10-09 20:19:50+00	2021-10-09 20:19:50+00
229	289	2021-10-09 20:19:50+00	2021-10-09 20:19:50+00
234	289	2021-10-09 20:19:50+00	2021-10-09 20:19:50+00
244	290	2021-10-09 20:19:50+00	2021-10-09 20:19:50+00
288	290	2021-10-09 20:19:50+00	2021-10-09 20:19:50+00
289	290	2021-10-09 20:19:50+00	2021-10-09 20:19:50+00
214	290	2021-10-09 20:19:50+00	2021-10-09 20:19:50+00
275	290	2021-10-09 20:19:50+00	2021-10-09 20:19:50+00
236	290	2021-10-09 20:19:50+00	2021-10-09 20:19:50+00
247	291	2021-10-09 20:19:50+00	2021-10-09 20:19:50+00
303	291	2021-10-09 20:19:50+00	2021-10-09 20:19:50+00
231	291	2021-10-09 20:19:50+00	2021-10-09 20:19:50+00
216	291	2021-10-09 20:19:50+00	2021-10-09 20:19:50+00
265	291	2021-10-09 20:19:50+00	2021-10-09 20:19:50+00
255	291	2021-10-09 20:19:50+00	2021-10-09 20:19:50+00
290	291	2021-10-09 20:19:50+00	2021-10-09 20:19:50+00
292	292	2021-10-09 20:19:50+00	2021-10-09 20:19:50+00
269	292	2021-10-09 20:19:50+00	2021-10-09 20:19:50+00
277	292	2021-10-09 20:19:50+00	2021-10-09 20:19:50+00
301	292	2021-10-09 20:19:50+00	2021-10-09 20:19:50+00
294	292	2021-10-09 20:19:50+00	2021-10-09 20:19:50+00
232	292	2021-10-09 20:19:50+00	2021-10-09 20:19:50+00
305	293	2021-10-09 20:19:50+00	2021-10-09 20:19:50+00
288	293	2021-10-09 20:19:50+00	2021-10-09 20:19:50+00
296	293	2021-10-09 20:19:50+00	2021-10-09 20:19:50+00
217	293	2021-10-09 20:19:50+00	2021-10-09 20:19:50+00
299	293	2021-10-09 20:19:50+00	2021-10-09 20:19:50+00
257	293	2021-10-09 20:19:50+00	2021-10-09 20:19:50+00
282	294	2021-10-09 20:19:50+00	2021-10-09 20:19:50+00
289	294	2021-10-09 20:19:50+00	2021-10-09 20:19:50+00
303	294	2021-10-09 20:19:50+00	2021-10-09 20:19:50+00
245	294	2021-10-09 20:19:50+00	2021-10-09 20:19:50+00
276	294	2021-10-09 20:19:50+00	2021-10-09 20:19:50+00
241	294	2021-10-09 20:19:50+00	2021-10-09 20:19:50+00
302	294	2021-10-09 20:19:50+00	2021-10-09 20:19:50+00
297	294	2021-10-09 20:19:50+00	2021-10-09 20:19:50+00
275	294	2021-10-09 20:19:50+00	2021-10-09 20:19:50+00
305	294	2021-10-09 20:19:50+00	2021-10-09 20:19:50+00
290	294	2021-10-09 20:19:50+00	2021-10-09 20:19:50+00
283	295	2021-10-09 20:19:50+00	2021-10-09 20:19:50+00
232	295	2021-10-09 20:19:50+00	2021-10-09 20:19:50+00
271	296	2021-10-09 20:19:50+00	2021-10-09 20:19:50+00
224	297	2021-10-09 20:19:50+00	2021-10-09 20:19:50+00
304	297	2021-10-09 20:19:50+00	2021-10-09 20:19:50+00
268	297	2021-10-09 20:19:50+00	2021-10-09 20:19:50+00
275	297	2021-10-09 20:19:50+00	2021-10-09 20:19:50+00
298	297	2021-10-09 20:19:50+00	2021-10-09 20:19:50+00
302	297	2021-10-09 20:19:50+00	2021-10-09 20:19:50+00
230	297	2021-10-09 20:19:50+00	2021-10-09 20:19:50+00
297	297	2021-10-09 20:19:50+00	2021-10-09 20:19:50+00
245	298	2021-10-09 20:19:50+00	2021-10-09 20:19:50+00
212	298	2021-10-09 20:19:50+00	2021-10-09 20:19:50+00
260	298	2021-10-09 20:19:50+00	2021-10-09 20:19:50+00
293	298	2021-10-09 20:19:50+00	2021-10-09 20:19:50+00
292	298	2021-10-09 20:19:50+00	2021-10-09 20:19:50+00
281	298	2021-10-09 20:19:50+00	2021-10-09 20:19:50+00
242	299	2021-10-09 20:19:50+00	2021-10-09 20:19:50+00
215	299	2021-10-09 20:19:50+00	2021-10-09 20:19:50+00
285	299	2021-10-09 20:19:50+00	2021-10-09 20:19:50+00
253	299	2021-10-09 20:19:50+00	2021-10-09 20:19:50+00
273	299	2021-10-09 20:19:50+00	2021-10-09 20:19:50+00
247	299	2021-10-09 20:19:50+00	2021-10-09 20:19:50+00
302	299	2021-10-09 20:19:50+00	2021-10-09 20:19:50+00
260	300	2021-10-09 20:19:50+00	2021-10-09 20:19:50+00
241	300	2021-10-09 20:19:50+00	2021-10-09 20:19:50+00
235	300	2021-10-09 20:19:50+00	2021-10-09 20:19:50+00
274	300	2021-10-09 20:19:50+00	2021-10-09 20:19:50+00
275	300	2021-10-09 20:19:50+00	2021-10-09 20:19:50+00
268	300	2021-10-09 20:19:50+00	2021-10-09 20:19:50+00
291	300	2021-10-09 20:19:50+00	2021-10-09 20:19:50+00
219	300	2021-10-09 20:19:50+00	2021-10-09 20:19:50+00
229	300	2021-10-09 20:19:50+00	2021-10-09 20:19:50+00
251	301	2021-10-09 20:19:50+00	2021-10-09 20:19:50+00
243	301	2021-10-09 20:19:50+00	2021-10-09 20:19:50+00
209	301	2021-10-09 20:19:50+00	2021-10-09 20:19:50+00
212	301	2021-10-09 20:19:50+00	2021-10-09 20:19:50+00
244	301	2021-10-09 20:19:50+00	2021-10-09 20:19:50+00
220	301	2021-10-09 20:19:50+00	2021-10-09 20:19:50+00
285	301	2021-10-09 20:19:50+00	2021-10-09 20:19:50+00
233	301	2021-10-09 20:19:50+00	2021-10-09 20:19:50+00
223	301	2021-10-09 20:19:50+00	2021-10-09 20:19:50+00
219	301	2021-10-09 20:19:50+00	2021-10-09 20:19:50+00
238	301	2021-10-09 20:19:50+00	2021-10-09 20:19:50+00
258	301	2021-10-09 20:19:50+00	2021-10-09 20:19:50+00
230	302	2021-10-09 20:19:50+00	2021-10-09 20:19:50+00
281	302	2021-10-09 20:19:50+00	2021-10-09 20:19:50+00
213	302	2021-10-09 20:19:50+00	2021-10-09 20:19:50+00
269	302	2021-10-09 20:19:50+00	2021-10-09 20:19:50+00
296	302	2021-10-09 20:19:50+00	2021-10-09 20:19:50+00
304	302	2021-10-09 20:19:50+00	2021-10-09 20:19:50+00
278	302	2021-10-09 20:19:50+00	2021-10-09 20:19:50+00
212	302	2021-10-09 20:19:50+00	2021-10-09 20:19:50+00
298	302	2021-10-09 20:19:50+00	2021-10-09 20:19:50+00
286	303	2021-10-09 20:19:50+00	2021-10-09 20:19:50+00
297	303	2021-10-09 20:19:50+00	2021-10-09 20:19:50+00
255	304	2021-10-09 20:19:50+00	2021-10-09 20:19:50+00
256	304	2021-10-09 20:19:50+00	2021-10-09 20:19:50+00
298	304	2021-10-09 20:19:50+00	2021-10-09 20:19:50+00
232	304	2021-10-09 20:19:50+00	2021-10-09 20:19:50+00
269	304	2021-10-09 20:19:50+00	2021-10-09 20:19:50+00
216	304	2021-10-09 20:19:50+00	2021-10-09 20:19:50+00
264	304	2021-10-09 20:19:50+00	2021-10-09 20:19:50+00
281	304	2021-10-09 20:19:50+00	2021-10-09 20:19:50+00
209	304	2021-10-09 20:19:50+00	2021-10-09 20:19:50+00
225	305	2021-10-09 20:19:50+00	2021-10-09 20:19:50+00
209	305	2021-10-09 20:19:50+00	2021-10-09 20:19:50+00
302	207	2021-10-09 21:38:45+00	2021-10-09 21:38:45+00
210	211	2021-10-09 21:38:45+00	2021-10-09 21:38:45+00
256	212	2021-10-09 21:38:45+00	2021-10-09 21:38:45+00
278	213	2021-10-09 21:38:45+00	2021-10-09 21:38:45+00
236	214	2021-10-09 21:38:45+00	2021-10-09 21:38:45+00
216	215	2021-10-09 21:38:45+00	2021-10-09 21:38:45+00
276	216	2021-10-09 21:38:45+00	2021-10-09 21:38:45+00
303	218	2021-10-09 21:38:45+00	2021-10-09 21:38:45+00
278	219	2021-10-09 21:38:45+00	2021-10-09 21:38:45+00
278	220	2021-10-09 21:38:45+00	2021-10-09 21:38:45+00
227	221	2021-10-09 21:38:45+00	2021-10-09 21:38:45+00
237	222	2021-10-09 21:38:45+00	2021-10-09 21:38:45+00
254	223	2021-10-09 21:38:45+00	2021-10-09 21:38:45+00
292	224	2021-10-09 21:38:45+00	2021-10-09 21:38:45+00
250	225	2021-10-09 21:38:45+00	2021-10-09 21:38:45+00
234	227	2021-10-09 21:38:45+00	2021-10-09 21:38:45+00
250	228	2021-10-09 21:38:45+00	2021-10-09 21:38:45+00
213	229	2021-10-09 21:38:45+00	2021-10-09 21:38:45+00
213	230	2021-10-09 21:38:45+00	2021-10-09 21:38:45+00
261	231	2021-10-09 21:38:45+00	2021-10-09 21:38:45+00
254	233	2021-10-09 21:38:45+00	2021-10-09 21:38:45+00
225	234	2021-10-09 21:38:45+00	2021-10-09 21:38:45+00
284	235	2021-10-09 21:38:45+00	2021-10-09 21:38:45+00
227	236	2021-10-09 21:38:45+00	2021-10-09 21:38:45+00
225	238	2021-10-09 21:38:45+00	2021-10-09 21:38:45+00
299	239	2021-10-09 21:38:45+00	2021-10-09 21:38:45+00
288	240	2021-10-09 21:38:45+00	2021-10-09 21:38:45+00
243	242	2021-10-09 21:38:45+00	2021-10-09 21:38:45+00
298	246	2021-10-09 21:38:45+00	2021-10-09 21:38:45+00
280	247	2021-10-09 21:38:45+00	2021-10-09 21:38:45+00
265	248	2021-10-09 21:38:45+00	2021-10-09 21:38:45+00
227	249	2021-10-09 21:38:45+00	2021-10-09 21:38:45+00
257	253	2021-10-09 21:38:45+00	2021-10-09 21:38:45+00
217	255	2021-10-09 21:38:45+00	2021-10-09 21:38:45+00
299	256	2021-10-09 21:38:45+00	2021-10-09 21:38:45+00
265	257	2021-10-09 21:38:45+00	2021-10-09 21:38:45+00
278	258	2021-10-09 21:38:45+00	2021-10-09 21:38:45+00
210	259	2021-10-09 21:38:45+00	2021-10-09 21:38:45+00
247	261	2021-10-09 21:38:45+00	2021-10-09 21:38:45+00
307	264	2021-10-09 21:38:45+00	2021-10-09 21:38:45+00
281	266	2021-10-09 21:38:45+00	2021-10-09 21:38:45+00
245	267	2021-10-09 21:38:45+00	2021-10-09 21:38:45+00
303	268	2021-10-09 21:38:45+00	2021-10-09 21:38:45+00
222	269	2021-10-09 21:38:45+00	2021-10-09 21:38:45+00
306	271	2021-10-09 21:38:45+00	2021-10-09 21:38:45+00
232	272	2021-10-09 21:38:45+00	2021-10-09 21:38:45+00
256	273	2021-10-09 21:38:45+00	2021-10-09 21:38:45+00
289	275	2021-10-09 21:38:45+00	2021-10-09 21:38:45+00
261	276	2021-10-09 21:38:45+00	2021-10-09 21:38:45+00
284	277	2021-10-09 21:38:45+00	2021-10-09 21:38:45+00
245	280	2021-10-09 21:38:45+00	2021-10-09 21:38:45+00
237	282	2021-10-09 21:38:45+00	2021-10-09 21:38:45+00
233	284	2021-10-09 21:38:45+00	2021-10-09 21:38:45+00
231	287	2021-10-09 21:38:45+00	2021-10-09 21:38:45+00
246	288	2021-10-09 21:38:45+00	2021-10-09 21:38:45+00
263	289	2021-10-09 21:38:45+00	2021-10-09 21:38:45+00
221	291	2021-10-09 21:38:45+00	2021-10-09 21:38:45+00
297	292	2021-10-09 21:38:45+00	2021-10-09 21:38:45+00
219	293	2021-10-09 21:38:45+00	2021-10-09 21:38:45+00
265	295	2021-10-09 21:38:45+00	2021-10-09 21:38:45+00
249	296	2021-10-09 21:38:45+00	2021-10-09 21:38:45+00
245	297	2021-10-09 21:38:45+00	2021-10-09 21:38:45+00
265	298	2021-10-09 21:38:45+00	2021-10-09 21:38:45+00
220	300	2021-10-09 21:38:45+00	2021-10-09 21:38:45+00
272	302	2021-10-09 21:38:45+00	2021-10-09 21:38:45+00
245	303	2021-10-09 21:38:45+00	2021-10-09 21:38:45+00
238	304	2021-10-09 21:38:45+00	2021-10-09 21:38:45+00
294	305	2021-10-09 21:38:45+00	2021-10-09 21:38:45+00
\.


--
-- Data for Name: Files; Type: TABLE DATA; Schema: public; Owner: dnedtjrx
--

COPY public."Files" (id, "taskId", filename, size, "createdAt", "updatedAt") FROM stdin;
182	207	cheese_multi_tiered.gif	38002220	2021-10-09 21:38:45+00	2021-10-09 21:38:45+00
183	207	sports.pdf	2851033	2021-10-09 21:38:45+00	2021-10-09 21:38:45+00
184	207	carolina.shtml	17725003	2021-10-09 21:38:45+00	2021-10-09 21:38:45+00
185	207	sausages_serbian_utah.mp4v	3425898	2021-10-09 21:38:45+00	2021-10-09 21:38:45+00
186	209	music.pdf	10640838	2021-10-09 21:38:45+00	2021-10-09 21:38:45+00
187	209	accounts.html	38168996	2021-10-09 21:38:45+00	2021-10-09 21:38:45+00
188	209	awesome.mp3	14917109	2021-10-09 21:38:45+00	2021-10-09 21:38:45+00
189	209	quantifying_paradigms_methodologies.jpeg	18625941	2021-10-09 21:38:45+00	2021-10-09 21:38:45+00
190	210	branding.html	8501476	2021-10-09 21:38:45+00	2021-10-09 21:38:45+00
191	210	cambridgeshire_panel_project.gif	27234688	2021-10-09 21:38:45+00	2021-10-09 21:38:45+00
192	210	generating_index_synergies.shtml	37095036	2021-10-09 21:38:45+00	2021-10-09 21:38:45+00
193	210	multi_tasking_dobra_architecture.pdf	37812027	2021-10-09 21:38:45+00	2021-10-09 21:38:45+00
194	212	card_azure_investment.htm	32524364	2021-10-09 21:38:45+00	2021-10-09 21:38:45+00
195	212	shirt_tasty_synthesize.mp4v	26928759	2021-10-09 21:38:45+00	2021-10-09 21:38:45+00
196	212	indiana.wav	38305548	2021-10-09 21:38:45+00	2021-10-09 21:38:45+00
197	213	parsing_wall_orchid.mpeg	1249375	2021-10-09 21:38:45+00	2021-10-09 21:38:45+00
198	213	future_proofed_program.mp2	33151447	2021-10-09 21:38:45+00	2021-10-09 21:38:45+00
199	213	synergies_algeria_quantifying.mp4	31748994	2021-10-09 21:38:45+00	2021-10-09 21:38:45+00
200	213	online_markets_brazilian.pdf	20023252	2021-10-09 21:38:45+00	2021-10-09 21:38:45+00
201	214	extensible_sas_rubber.gif	14501555	2021-10-09 21:38:45+00	2021-10-09 21:38:45+00
202	214	withdrawal_fish.png	7723862	2021-10-09 21:38:45+00	2021-10-09 21:38:45+00
203	214	tools.pdf	18922685	2021-10-09 21:38:45+00	2021-10-09 21:38:45+00
204	214	granite_invoice.pdf	10264057	2021-10-09 21:38:45+00	2021-10-09 21:38:45+00
205	215	green.mpga	7620841	2021-10-09 21:38:45+00	2021-10-09 21:38:45+00
206	215	internal_supervisor_infrastructures.png	26450202	2021-10-09 21:38:45+00	2021-10-09 21:38:45+00
207	215	officer.wav	15629455	2021-10-09 21:38:45+00	2021-10-09 21:38:45+00
208	216	circle_directives.m1v	26533864	2021-10-09 21:38:45+00	2021-10-09 21:38:45+00
209	216	flat_corporate.pdf	18888719	2021-10-09 21:38:45+00	2021-10-09 21:38:45+00
210	217	invoice.pdf	12880137	2021-10-09 21:38:45+00	2021-10-09 21:38:45+00
211	217	reboot_developer_legacy.wav	6892249	2021-10-09 21:38:45+00	2021-10-09 21:38:45+00
212	217	recontextualize_complexity.png	15723017	2021-10-09 21:38:45+00	2021-10-09 21:38:45+00
213	217	buckinghamshire_shoes.m3a	32196069	2021-10-09 21:38:45+00	2021-10-09 21:38:45+00
214	218	loan_dong_investment.wav	30562436	2021-10-09 21:38:45+00	2021-10-09 21:38:45+00
215	218	sdd_panel_empowering.mpg4	37526019	2021-10-09 21:38:45+00	2021-10-09 21:38:45+00
216	218	lavender_hybrid.m3a	12667740	2021-10-09 21:38:45+00	2021-10-09 21:38:45+00
217	218	disintermediate_hdd.jpeg	14450798	2021-10-09 21:38:45+00	2021-10-09 21:38:45+00
218	219	haiti_frictionless_zimbabwe.png	6468184	2021-10-09 21:38:45+00	2021-10-09 21:38:45+00
219	219	solution_oriented.png	30491507	2021-10-09 21:38:45+00	2021-10-09 21:38:45+00
220	219	luxembourg_redefine.pdf	2933737	2021-10-09 21:38:45+00	2021-10-09 21:38:45+00
221	219	fresh_thinking_parse_shoals.gif	3696044	2021-10-09 21:38:45+00	2021-10-09 21:38:45+00
222	220	innovative_out_of_the_box_online.png	20241752	2021-10-09 21:38:45+00	2021-10-09 21:38:45+00
223	220	card.gif	1825417	2021-10-09 21:38:45+00	2021-10-09 21:38:45+00
224	220	reactive.pdf	10655584	2021-10-09 21:38:45+00	2021-10-09 21:38:45+00
225	222	integrated.gif	24281226	2021-10-09 21:38:45+00	2021-10-09 21:38:45+00
226	223	vertical.m3a	35998462	2021-10-09 21:38:45+00	2021-10-09 21:38:45+00
227	223	books.mp3	32932891	2021-10-09 21:38:45+00	2021-10-09 21:38:45+00
228	223	impactful.m1v	12084652	2021-10-09 21:38:45+00	2021-10-09 21:38:45+00
229	224	avon_developer_soft.wav	23652127	2021-10-09 21:38:45+00	2021-10-09 21:38:45+00
230	224	card.wav	39312032	2021-10-09 21:38:45+00	2021-10-09 21:38:45+00
231	224	nebraska.jpg	29746236	2021-10-09 21:38:45+00	2021-10-09 21:38:45+00
232	224	magenta_dedicated.png	39022693	2021-10-09 21:38:45+00	2021-10-09 21:38:45+00
233	225	violet_representative_california.jpe	18036841	2021-10-09 21:38:45+00	2021-10-09 21:38:45+00
234	225	faroe_small.pdf	8704749	2021-10-09 21:38:45+00	2021-10-09 21:38:45+00
235	225	quantify.mpeg	25260507	2021-10-09 21:38:45+00	2021-10-09 21:38:45+00
236	225	avon_needs_based_investment.wav	23941169	2021-10-09 21:38:45+00	2021-10-09 21:38:45+00
237	226	synthesizing_borders.pdf	2566021	2021-10-09 21:38:45+00	2021-10-09 21:38:45+00
238	226	specialist.pdf	24969868	2021-10-09 21:38:45+00	2021-10-09 21:38:45+00
239	226	supervisor_road.mpg4	15156472	2021-10-09 21:38:45+00	2021-10-09 21:38:45+00
240	226	producer_islands.png	19742596	2021-10-09 21:38:45+00	2021-10-09 21:38:45+00
241	229	schemas_drive_3rd.m2a	14574590	2021-10-09 21:38:45+00	2021-10-09 21:38:45+00
242	229	online.gif	33797706	2021-10-09 21:38:45+00	2021-10-09 21:38:45+00
243	230	multi_byte_user_friendly_azure.mpg4	15716148	2021-10-09 21:38:45+00	2021-10-09 21:38:45+00
244	230	buckinghamshire_concrete_workforce.mpg4	24243078	2021-10-09 21:38:45+00	2021-10-09 21:38:45+00
245	230	yellow_fresh_impactful.mpg	3130346	2021-10-09 21:38:45+00	2021-10-09 21:38:45+00
246	230	avon_sky_lats.gif	9917302	2021-10-09 21:38:45+00	2021-10-09 21:38:45+00
247	232	caribbean_demand_driven_cambridgeshire.gif	34969613	2021-10-09 21:38:45+00	2021-10-09 21:38:45+00
248	232	ball_rss.mpe	2648138	2021-10-09 21:38:45+00	2021-10-09 21:38:45+00
249	232	developer_capacitor_avon.wav	11370394	2021-10-09 21:38:45+00	2021-10-09 21:38:45+00
250	232	invoice_berkshire.mpga	15781692	2021-10-09 21:38:45+00	2021-10-09 21:38:45+00
251	233	deposit.png	10205474	2021-10-09 21:38:45+00	2021-10-09 21:38:45+00
252	233	collaboration_handmade_concrete.pdf	32535486	2021-10-09 21:38:45+00	2021-10-09 21:38:45+00
253	234	best_of_breed_scale.gif	5515005	2021-10-09 21:38:45+00	2021-10-09 21:38:45+00
254	234	ouguiya.gif	29512879	2021-10-09 21:38:45+00	2021-10-09 21:38:45+00
255	234	cotton_models.mp4	35508133	2021-10-09 21:38:45+00	2021-10-09 21:38:45+00
256	234	connecting.wav	18503638	2021-10-09 21:38:45+00	2021-10-09 21:38:45+00
257	235	optical.mpe	21362770	2021-10-09 21:38:45+00	2021-10-09 21:38:45+00
258	236	summit.m1v	11697948	2021-10-09 21:38:45+00	2021-10-09 21:38:45+00
259	236	stream_up_manor.pdf	34760205	2021-10-09 21:38:45+00	2021-10-09 21:38:45+00
260	236	transmit_technologies_global.jpe	26575510	2021-10-09 21:38:45+00	2021-10-09 21:38:45+00
261	236	electronics_zealand.gif	35729313	2021-10-09 21:38:45+00	2021-10-09 21:38:45+00
262	238	cross_platform_dot_com.gif	29661138	2021-10-09 21:38:45+00	2021-10-09 21:38:45+00
263	238	facilitator.m2v	24048353	2021-10-09 21:38:45+00	2021-10-09 21:38:45+00
264	239	tasty.mpga	6999767	2021-10-09 21:38:45+00	2021-10-09 21:38:45+00
265	239	input_analyst_pants.mpga	14729506	2021-10-09 21:38:45+00	2021-10-09 21:38:45+00
266	241	facilitator_awesome.png	12298739	2021-10-09 21:38:45+00	2021-10-09 21:38:45+00
267	243	program_greens.shtml	26959363	2021-10-09 21:38:45+00	2021-10-09 21:38:45+00
268	243	connecticut_berkshire.pdf	23532543	2021-10-09 21:38:45+00	2021-10-09 21:38:45+00
269	244	refined_plastic_png.jpg	13343971	2021-10-09 21:38:45+00	2021-10-09 21:38:45+00
270	244	index_ball_optical.htm	28842672	2021-10-09 21:38:45+00	2021-10-09 21:38:45+00
271	244	png_steel_fantastic.mpg	34042838	2021-10-09 21:38:45+00	2021-10-09 21:38:45+00
272	247	cambridgeshire_pixel_tcp.wav	15495052	2021-10-09 21:38:45+00	2021-10-09 21:38:45+00
273	249	ib_synthesize_forecast.pdf	21232108	2021-10-09 21:38:45+00	2021-10-09 21:38:45+00
274	249	dinar.html	4618621	2021-10-09 21:38:45+00	2021-10-09 21:38:45+00
275	251	payment_mouse__eurco_.pdf	4979480	2021-10-09 21:38:45+00	2021-10-09 21:38:45+00
276	252	cotton_delaware_industrial.mpg	30373976	2021-10-09 21:38:45+00	2021-10-09 21:38:45+00
277	252	shoes.wav	5450309	2021-10-09 21:38:45+00	2021-10-09 21:38:45+00
278	254	garden.mp4v	29254767	2021-10-09 21:38:45+00	2021-10-09 21:38:45+00
279	254	synthesizing_digital.htm	3407538	2021-10-09 21:38:45+00	2021-10-09 21:38:45+00
280	255	checking.gif	12738723	2021-10-09 21:38:45+00	2021-10-09 21:38:45+00
281	255	incredible.png	35672366	2021-10-09 21:38:45+00	2021-10-09 21:38:45+00
282	255	withdrawal.mpg	21732446	2021-10-09 21:38:45+00	2021-10-09 21:38:45+00
283	255	chips_tcp_accountability.mp3	28242335	2021-10-09 21:38:45+00	2021-10-09 21:38:45+00
284	256	district_override_georgia.shtml	27100019	2021-10-09 21:38:45+00	2021-10-09 21:38:45+00
285	256	extend_mobile.pdf	26860344	2021-10-09 21:38:45+00	2021-10-09 21:38:45+00
286	258	chief_horizontal_streamlined.pdf	38961671	2021-10-09 21:38:45+00	2021-10-09 21:38:45+00
287	258	investor_metal_compress.mp4	5688743	2021-10-09 21:38:45+00	2021-10-09 21:38:45+00
288	259	directives__slovak.jpe	31292699	2021-10-09 21:38:45+00	2021-10-09 21:38:45+00
289	259	portal.png	17587181	2021-10-09 21:38:45+00	2021-10-09 21:38:45+00
290	259	compress_plastic_representative.m2a	7242399	2021-10-09 21:38:45+00	2021-10-09 21:38:45+00
291	259	principal_brand.mpe	116472	2021-10-09 21:38:45+00	2021-10-09 21:38:45+00
292	260	account_national_micronesia.pdf	20194299	2021-10-09 21:38:45+00	2021-10-09 21:38:45+00
293	260	fresh.png	8883045	2021-10-09 21:38:45+00	2021-10-09 21:38:45+00
294	261	web_concrete_wooden.m1v	4106600	2021-10-09 21:38:45+00	2021-10-09 21:38:45+00
295	261	brand_quantifying.png	25945281	2021-10-09 21:38:45+00	2021-10-09 21:38:45+00
296	262	oman_island.gif	7490636	2021-10-09 21:38:45+00	2021-10-09 21:38:45+00
297	262	keyboard_specialist_lebanon.png	12393137	2021-10-09 21:38:45+00	2021-10-09 21:38:45+00
298	263	back_end_virgin.png	17791038	2021-10-09 21:38:45+00	2021-10-09 21:38:45+00
299	264	back_end_cuba.wav	27069322	2021-10-09 21:38:45+00	2021-10-09 21:38:45+00
300	264	car_open_buckinghamshire.png	13246884	2021-10-09 21:38:45+00	2021-10-09 21:38:45+00
301	265	brand_recontextualize.jpeg	18622895	2021-10-09 21:38:45+00	2021-10-09 21:38:45+00
302	265	specialist_http_credit.mpga	9090251	2021-10-09 21:38:45+00	2021-10-09 21:38:45+00
303	265	borders_reintermediate_toys.html	20535941	2021-10-09 21:38:45+00	2021-10-09 21:38:45+00
304	266	usb_usability.mpg4	35451325	2021-10-09 21:38:45+00	2021-10-09 21:38:45+00
305	266	navigate.htm	34401381	2021-10-09 21:38:45+00	2021-10-09 21:38:45+00
306	266	senegal_agp_sausages.mpg4	17848913	2021-10-09 21:38:45+00	2021-10-09 21:38:45+00
307	266	engage.m2v	35218493	2021-10-09 21:38:45+00	2021-10-09 21:38:45+00
308	267	sky_toolset_small.png	5575775	2021-10-09 21:38:45+00	2021-10-09 21:38:45+00
309	268	magenta_steel.htm	18411412	2021-10-09 21:38:45+00	2021-10-09 21:38:45+00
310	268	refined.pdf	38982405	2021-10-09 21:38:45+00	2021-10-09 21:38:45+00
311	269	front_end.pdf	850970	2021-10-09 21:38:45+00	2021-10-09 21:38:45+00
312	269	operations_asynchronous_profit_focused.png	6602767	2021-10-09 21:38:45+00	2021-10-09 21:38:45+00
313	269	deposit_principal.mp4	5854918	2021-10-09 21:38:45+00	2021-10-09 21:38:45+00
314	269	illinois.htm	2745009	2021-10-09 21:38:45+00	2021-10-09 21:38:45+00
315	271	savings.htm	9310757	2021-10-09 21:38:45+00	2021-10-09 21:38:45+00
316	272	automotive.mpeg	9166030	2021-10-09 21:38:45+00	2021-10-09 21:38:45+00
317	272	bedfordshire.m1v	17327545	2021-10-09 21:38:45+00	2021-10-09 21:38:45+00
318	273	recontextualize_asynchronous.mpg4	5305143	2021-10-09 21:38:45+00	2021-10-09 21:38:45+00
319	273	fresh_seychelles.mpg4	9159635	2021-10-09 21:38:45+00	2021-10-09 21:38:45+00
320	273	morph.pdf	2058836	2021-10-09 21:38:45+00	2021-10-09 21:38:45+00
321	273	blue.mp4	23182653	2021-10-09 21:38:45+00	2021-10-09 21:38:45+00
322	274	mall_web_readiness_leverage.jpe	7844343	2021-10-09 21:38:45+00	2021-10-09 21:38:45+00
323	274	lesotho_user_centric.mpg4	33010592	2021-10-09 21:38:45+00	2021-10-09 21:38:45+00
324	274	generic.jpeg	5367516	2021-10-09 21:38:45+00	2021-10-09 21:38:45+00
325	275	wells_account.pdf	27425504	2021-10-09 21:38:45+00	2021-10-09 21:38:45+00
326	276	architect_florida_keyboard.png	6967369	2021-10-09 21:38:45+00	2021-10-09 21:38:45+00
327	280	incredible_prairie.m2a	28640850	2021-10-09 21:38:45+00	2021-10-09 21:38:45+00
328	280	refined_knolls_sports.jpg	32927119	2021-10-09 21:38:45+00	2021-10-09 21:38:45+00
329	280	florida.wav	30052993	2021-10-09 21:38:45+00	2021-10-09 21:38:45+00
330	280	agent.mp3	28289062	2021-10-09 21:38:45+00	2021-10-09 21:38:45+00
331	281	fresh_alarm.mp4	16264355	2021-10-09 21:38:45+00	2021-10-09 21:38:45+00
332	281	hills_synthesizing_disintermediate.htm	17906089	2021-10-09 21:38:45+00	2021-10-09 21:38:45+00
333	282	architect_intelligent_salmon.gif	995899	2021-10-09 21:38:45+00	2021-10-09 21:38:45+00
334	282	thx.wav	17286048	2021-10-09 21:38:45+00	2021-10-09 21:38:45+00
335	282	microchip.png	29768818	2021-10-09 21:38:45+00	2021-10-09 21:38:45+00
336	282	fresh.pdf	15496092	2021-10-09 21:38:45+00	2021-10-09 21:38:45+00
337	284	payment_white_granite.html	19678626	2021-10-09 21:38:45+00	2021-10-09 21:38:45+00
338	285	benchmark.png	26698955	2021-10-09 21:38:45+00	2021-10-09 21:38:45+00
339	287	monetize_thx.mp3	30068778	2021-10-09 21:38:45+00	2021-10-09 21:38:45+00
340	287	evolve_navigating.wav	13614523	2021-10-09 21:38:45+00	2021-10-09 21:38:45+00
341	287	sensor_administrator.mpeg	35521378	2021-10-09 21:38:45+00	2021-10-09 21:38:45+00
342	287	accounts_human.shtml	32222501	2021-10-09 21:38:45+00	2021-10-09 21:38:45+00
343	289	car.jpg	1344346	2021-10-09 21:38:45+00	2021-10-09 21:38:45+00
344	289	interactive_png.pdf	11464158	2021-10-09 21:38:45+00	2021-10-09 21:38:45+00
345	289	mobility_market.m2a	26464550	2021-10-09 21:38:45+00	2021-10-09 21:38:45+00
346	289	executive_planner_solid.mp4v	32574304	2021-10-09 21:38:45+00	2021-10-09 21:38:45+00
347	290	target.htm	10712004	2021-10-09 21:38:45+00	2021-10-09 21:38:45+00
348	290	savings_toolset.jpg	27085665	2021-10-09 21:38:45+00	2021-10-09 21:38:45+00
349	290	sexy_web_readiness.m2a	15702726	2021-10-09 21:38:45+00	2021-10-09 21:38:45+00
350	290	concrete_shirt_wireless.mpeg	32846818	2021-10-09 21:38:45+00	2021-10-09 21:38:45+00
351	291	calculate.shtml	16341665	2021-10-09 21:38:45+00	2021-10-09 21:38:45+00
352	291	account_berkshire.mp3	38097345	2021-10-09 21:38:45+00	2021-10-09 21:38:45+00
353	291	regional.mpg4	21163269	2021-10-09 21:38:45+00	2021-10-09 21:38:45+00
354	291	steel_black_pci.mp2a	38908355	2021-10-09 21:38:45+00	2021-10-09 21:38:45+00
355	292	berkshire.mpg4	10756106	2021-10-09 21:38:45+00	2021-10-09 21:38:45+00
356	292	copy_pound.jpe	8905692	2021-10-09 21:38:45+00	2021-10-09 21:38:45+00
357	293	berkshire_maximize_soft.htm	22544885	2021-10-09 21:38:45+00	2021-10-09 21:38:45+00
358	293	fantastic_roi.gif	24868063	2021-10-09 21:38:45+00	2021-10-09 21:38:45+00
359	293	money_china_panel.mpeg	17552708	2021-10-09 21:38:45+00	2021-10-09 21:38:45+00
360	293	upward_trending.pdf	15808545	2021-10-09 21:38:45+00	2021-10-09 21:38:45+00
361	294	personal.htm	37426352	2021-10-09 21:38:45+00	2021-10-09 21:38:45+00
362	294	bike_utah.gif	15996632	2021-10-09 21:38:45+00	2021-10-09 21:38:45+00
363	294	online_personal_holistic.shtml	1982246	2021-10-09 21:38:45+00	2021-10-09 21:38:45+00
364	294	grey.mpg	9347060	2021-10-09 21:38:45+00	2021-10-09 21:38:45+00
365	295	copying_markets.gif	2551202	2021-10-09 21:38:45+00	2021-10-09 21:38:45+00
366	296	loan.mpeg	19967538	2021-10-09 21:38:45+00	2021-10-09 21:38:45+00
367	296	css_vatu_maine.wav	15053194	2021-10-09 21:38:45+00	2021-10-09 21:38:45+00
368	297	operations.mpeg	10099039	2021-10-09 21:38:45+00	2021-10-09 21:38:45+00
369	298	withdrawal_synthesizing_borders.mp2a	15225255	2021-10-09 21:38:45+00	2021-10-09 21:38:45+00
370	299	forecast_salad.mpe	15442528	2021-10-09 21:38:45+00	2021-10-09 21:38:45+00
371	299	books_plaza_frozen.m2v	18505320	2021-10-09 21:38:45+00	2021-10-09 21:38:45+00
372	299	mississippi.gif	10107640	2021-10-09 21:38:45+00	2021-10-09 21:38:45+00
373	299	west_viral_coordinator.htm	29654618	2021-10-09 21:38:45+00	2021-10-09 21:38:45+00
374	300	soft_implemented_dominica.pdf	13767810	2021-10-09 21:38:45+00	2021-10-09 21:38:45+00
375	300	rupiah_hacking_right_sized.html	17451118	2021-10-09 21:38:45+00	2021-10-09 21:38:45+00
376	301	salad_planner.shtml	7698777	2021-10-09 21:38:45+00	2021-10-09 21:38:45+00
377	302	cambridgeshire_computer.wav	15595800	2021-10-09 21:38:45+00	2021-10-09 21:38:45+00
378	303	orchid.png	5522233	2021-10-09 21:38:45+00	2021-10-09 21:38:45+00
379	303	granite_bolivia.mpga	1163467	2021-10-09 21:38:45+00	2021-10-09 21:38:45+00
380	303	reduced.pdf	24932375	2021-10-09 21:38:45+00	2021-10-09 21:38:45+00
381	303	uic_franc_violet.mp4v	6850056	2021-10-09 21:38:45+00	2021-10-09 21:38:45+00
382	304	foreground_legacy_array.gif	37982938	2021-10-09 21:38:45+00	2021-10-09 21:38:45+00
383	304	lebanon_next_generation.mp2a	24891130	2021-10-09 21:38:45+00	2021-10-09 21:38:45+00
384	304	motivating.mp2	15057694	2021-10-09 21:38:45+00	2021-10-09 21:38:45+00
385	305	systems_withdrawal.pdf	33872805	2021-10-09 21:38:45+00	2021-10-09 21:38:45+00
\.


--
-- Data for Name: LearnedSkills; Type: TABLE DATA; Schema: public; Owner: dnedtjrx
--

COPY public."LearnedSkills" ("skillId", "userId", "createdAt", "updatedAt") FROM stdin;
105	209	2021-10-09 20:19:50+00	2021-10-09 20:19:50+00
12	209	2021-10-09 20:19:50+00	2021-10-09 20:19:50+00
120	209	2021-10-09 20:19:50+00	2021-10-09 20:19:50+00
127	209	2021-10-09 20:19:50+00	2021-10-09 20:19:50+00
135	209	2021-10-09 20:19:50+00	2021-10-09 20:19:50+00
144	209	2021-10-09 20:19:50+00	2021-10-09 20:19:50+00
16	209	2021-10-09 20:19:50+00	2021-10-09 20:19:50+00
20	209	2021-10-09 20:19:50+00	2021-10-09 20:19:50+00
26	209	2021-10-09 20:19:50+00	2021-10-09 20:19:50+00
103	210	2021-10-09 20:19:50+00	2021-10-09 20:19:50+00
104	210	2021-10-09 20:19:50+00	2021-10-09 20:19:50+00
116	210	2021-10-09 20:19:50+00	2021-10-09 20:19:50+00
118	210	2021-10-09 20:19:50+00	2021-10-09 20:19:50+00
128	210	2021-10-09 20:19:50+00	2021-10-09 20:19:50+00
14	210	2021-10-09 20:19:50+00	2021-10-09 20:19:50+00
164	210	2021-10-09 20:19:50+00	2021-10-09 20:19:50+00
165	210	2021-10-09 20:19:50+00	2021-10-09 20:19:50+00
168	210	2021-10-09 20:19:50+00	2021-10-09 20:19:50+00
107	211	2021-10-09 20:19:50+00	2021-10-09 20:19:50+00
128	211	2021-10-09 20:19:50+00	2021-10-09 20:19:50+00
10	212	2021-10-09 20:19:50+00	2021-10-09 20:19:50+00
106	212	2021-10-09 20:19:50+00	2021-10-09 20:19:50+00
109	212	2021-10-09 20:19:50+00	2021-10-09 20:19:50+00
111	212	2021-10-09 20:19:50+00	2021-10-09 20:19:50+00
126	212	2021-10-09 20:19:50+00	2021-10-09 20:19:50+00
129	212	2021-10-09 20:19:50+00	2021-10-09 20:19:50+00
130	212	2021-10-09 20:19:50+00	2021-10-09 20:19:50+00
15	212	2021-10-09 20:19:50+00	2021-10-09 20:19:50+00
156	212	2021-10-09 20:19:50+00	2021-10-09 20:19:50+00
114	213	2021-10-09 20:19:50+00	2021-10-09 20:19:50+00
120	213	2021-10-09 20:19:50+00	2021-10-09 20:19:50+00
121	213	2021-10-09 20:19:50+00	2021-10-09 20:19:50+00
154	213	2021-10-09 20:19:50+00	2021-10-09 20:19:50+00
156	213	2021-10-09 20:19:50+00	2021-10-09 20:19:50+00
162	213	2021-10-09 20:19:50+00	2021-10-09 20:19:50+00
164	213	2021-10-09 20:19:50+00	2021-10-09 20:19:50+00
173	213	2021-10-09 20:19:50+00	2021-10-09 20:19:50+00
103	214	2021-10-09 20:19:50+00	2021-10-09 20:19:50+00
104	214	2021-10-09 20:19:50+00	2021-10-09 20:19:50+00
11	214	2021-10-09 20:19:50+00	2021-10-09 20:19:50+00
119	214	2021-10-09 20:19:50+00	2021-10-09 20:19:50+00
137	214	2021-10-09 20:19:50+00	2021-10-09 20:19:50+00
18	214	2021-10-09 20:19:50+00	2021-10-09 20:19:50+00
3	214	2021-10-09 20:19:50+00	2021-10-09 20:19:50+00
33	214	2021-10-09 20:19:50+00	2021-10-09 20:19:50+00
39	214	2021-10-09 20:19:50+00	2021-10-09 20:19:50+00
100	215	2021-10-09 20:19:50+00	2021-10-09 20:19:50+00
112	215	2021-10-09 20:19:50+00	2021-10-09 20:19:50+00
116	215	2021-10-09 20:19:50+00	2021-10-09 20:19:50+00
120	215	2021-10-09 20:19:50+00	2021-10-09 20:19:50+00
14	215	2021-10-09 20:19:50+00	2021-10-09 20:19:50+00
140	215	2021-10-09 20:19:50+00	2021-10-09 20:19:50+00
154	215	2021-10-09 20:19:50+00	2021-10-09 20:19:50+00
169	215	2021-10-09 20:19:50+00	2021-10-09 20:19:50+00
111	216	2021-10-09 20:19:50+00	2021-10-09 20:19:50+00
114	216	2021-10-09 20:19:50+00	2021-10-09 20:19:50+00
11	217	2021-10-09 20:19:50+00	2021-10-09 20:19:50+00
125	217	2021-10-09 20:19:50+00	2021-10-09 20:19:50+00
164	217	2021-10-09 20:19:50+00	2021-10-09 20:19:50+00
18	217	2021-10-09 20:19:50+00	2021-10-09 20:19:50+00
120	218	2021-10-09 20:19:50+00	2021-10-09 20:19:50+00
130	218	2021-10-09 20:19:50+00	2021-10-09 20:19:50+00
133	218	2021-10-09 20:19:50+00	2021-10-09 20:19:50+00
152	218	2021-10-09 20:19:50+00	2021-10-09 20:19:50+00
155	218	2021-10-09 20:19:50+00	2021-10-09 20:19:50+00
156	218	2021-10-09 20:19:50+00	2021-10-09 20:19:50+00
17	218	2021-10-09 20:19:50+00	2021-10-09 20:19:50+00
107	219	2021-10-09 20:19:50+00	2021-10-09 20:19:50+00
108	219	2021-10-09 20:19:50+00	2021-10-09 20:19:50+00
115	219	2021-10-09 20:19:50+00	2021-10-09 20:19:50+00
133	219	2021-10-09 20:19:50+00	2021-10-09 20:19:50+00
153	219	2021-10-09 20:19:50+00	2021-10-09 20:19:50+00
156	219	2021-10-09 20:19:50+00	2021-10-09 20:19:50+00
163	219	2021-10-09 20:19:50+00	2021-10-09 20:19:50+00
106	220	2021-10-09 20:19:50+00	2021-10-09 20:19:50+00
14	220	2021-10-09 20:19:50+00	2021-10-09 20:19:50+00
156	220	2021-10-09 20:19:50+00	2021-10-09 20:19:50+00
26	220	2021-10-09 20:19:50+00	2021-10-09 20:19:50+00
103	221	2021-10-09 20:19:50+00	2021-10-09 20:19:50+00
119	221	2021-10-09 20:19:50+00	2021-10-09 20:19:50+00
127	221	2021-10-09 20:19:50+00	2021-10-09 20:19:50+00
135	221	2021-10-09 20:19:50+00	2021-10-09 20:19:50+00
150	221	2021-10-09 20:19:50+00	2021-10-09 20:19:50+00
153	221	2021-10-09 20:19:50+00	2021-10-09 20:19:50+00
162	221	2021-10-09 20:19:50+00	2021-10-09 20:19:50+00
127	222	2021-10-09 20:19:50+00	2021-10-09 20:19:50+00
135	222	2021-10-09 20:19:50+00	2021-10-09 20:19:50+00
160	222	2021-10-09 20:19:50+00	2021-10-09 20:19:50+00
67	222	2021-10-09 20:19:50+00	2021-10-09 20:19:50+00
112	223	2021-10-09 20:19:50+00	2021-10-09 20:19:50+00
144	223	2021-10-09 20:19:50+00	2021-10-09 20:19:50+00
149	223	2021-10-09 20:19:50+00	2021-10-09 20:19:50+00
156	223	2021-10-09 20:19:50+00	2021-10-09 20:19:50+00
16	223	2021-10-09 20:19:50+00	2021-10-09 20:19:50+00
105	224	2021-10-09 20:19:50+00	2021-10-09 20:19:50+00
106	224	2021-10-09 20:19:50+00	2021-10-09 20:19:50+00
114	224	2021-10-09 20:19:50+00	2021-10-09 20:19:50+00
118	224	2021-10-09 20:19:50+00	2021-10-09 20:19:50+00
155	224	2021-10-09 20:19:50+00	2021-10-09 20:19:50+00
26	224	2021-10-09 20:19:50+00	2021-10-09 20:19:50+00
37	224	2021-10-09 20:19:50+00	2021-10-09 20:19:50+00
106	225	2021-10-09 20:19:50+00	2021-10-09 20:19:50+00
110	225	2021-10-09 20:19:50+00	2021-10-09 20:19:50+00
114	225	2021-10-09 20:19:50+00	2021-10-09 20:19:50+00
108	226	2021-10-09 20:19:50+00	2021-10-09 20:19:50+00
123	226	2021-10-09 20:19:50+00	2021-10-09 20:19:50+00
156	226	2021-10-09 20:19:50+00	2021-10-09 20:19:50+00
20	226	2021-10-09 20:19:50+00	2021-10-09 20:19:50+00
26	226	2021-10-09 20:19:50+00	2021-10-09 20:19:50+00
29	226	2021-10-09 20:19:50+00	2021-10-09 20:19:50+00
102	227	2021-10-09 20:19:50+00	2021-10-09 20:19:50+00
103	227	2021-10-09 20:19:50+00	2021-10-09 20:19:50+00
26	227	2021-10-09 20:19:50+00	2021-10-09 20:19:50+00
118	228	2021-10-09 20:19:50+00	2021-10-09 20:19:50+00
130	228	2021-10-09 20:19:50+00	2021-10-09 20:19:50+00
14	228	2021-10-09 20:19:50+00	2021-10-09 20:19:50+00
148	228	2021-10-09 20:19:50+00	2021-10-09 20:19:50+00
164	228	2021-10-09 20:19:50+00	2021-10-09 20:19:50+00
102	229	2021-10-09 20:19:50+00	2021-10-09 20:19:50+00
109	229	2021-10-09 20:19:50+00	2021-10-09 20:19:50+00
114	229	2021-10-09 20:19:50+00	2021-10-09 20:19:50+00
128	229	2021-10-09 20:19:50+00	2021-10-09 20:19:50+00
139	229	2021-10-09 20:19:50+00	2021-10-09 20:19:50+00
14	229	2021-10-09 20:19:50+00	2021-10-09 20:19:50+00
149	229	2021-10-09 20:19:50+00	2021-10-09 20:19:50+00
15	229	2021-10-09 20:19:50+00	2021-10-09 20:19:50+00
146	230	2021-10-09 20:19:50+00	2021-10-09 20:19:50+00
157	230	2021-10-09 20:19:50+00	2021-10-09 20:19:50+00
107	231	2021-10-09 20:19:50+00	2021-10-09 20:19:50+00
126	231	2021-10-09 20:19:50+00	2021-10-09 20:19:50+00
59	231	2021-10-09 20:19:50+00	2021-10-09 20:19:50+00
109	232	2021-10-09 20:19:50+00	2021-10-09 20:19:50+00
111	232	2021-10-09 20:19:50+00	2021-10-09 20:19:50+00
112	232	2021-10-09 20:19:50+00	2021-10-09 20:19:50+00
113	232	2021-10-09 20:19:50+00	2021-10-09 20:19:50+00
116	232	2021-10-09 20:19:50+00	2021-10-09 20:19:50+00
122	232	2021-10-09 20:19:50+00	2021-10-09 20:19:50+00
126	232	2021-10-09 20:19:50+00	2021-10-09 20:19:50+00
151	232	2021-10-09 20:19:50+00	2021-10-09 20:19:50+00
156	232	2021-10-09 20:19:50+00	2021-10-09 20:19:50+00
119	233	2021-10-09 20:19:50+00	2021-10-09 20:19:50+00
127	233	2021-10-09 20:19:50+00	2021-10-09 20:19:50+00
129	233	2021-10-09 20:19:50+00	2021-10-09 20:19:50+00
130	233	2021-10-09 20:19:50+00	2021-10-09 20:19:50+00
153	233	2021-10-09 20:19:50+00	2021-10-09 20:19:50+00
167	233	2021-10-09 20:19:50+00	2021-10-09 20:19:50+00
28	233	2021-10-09 20:19:50+00	2021-10-09 20:19:50+00
40	233	2021-10-09 20:19:50+00	2021-10-09 20:19:50+00
104	234	2021-10-09 20:19:50+00	2021-10-09 20:19:50+00
105	234	2021-10-09 20:19:50+00	2021-10-09 20:19:50+00
112	234	2021-10-09 20:19:50+00	2021-10-09 20:19:50+00
113	234	2021-10-09 20:19:50+00	2021-10-09 20:19:50+00
119	234	2021-10-09 20:19:50+00	2021-10-09 20:19:50+00
137	234	2021-10-09 20:19:50+00	2021-10-09 20:19:50+00
138	234	2021-10-09 20:19:50+00	2021-10-09 20:19:50+00
172	234	2021-10-09 20:19:50+00	2021-10-09 20:19:50+00
101	235	2021-10-09 20:19:50+00	2021-10-09 20:19:50+00
108	235	2021-10-09 20:19:50+00	2021-10-09 20:19:50+00
117	235	2021-10-09 20:19:50+00	2021-10-09 20:19:50+00
118	235	2021-10-09 20:19:50+00	2021-10-09 20:19:50+00
130	235	2021-10-09 20:19:50+00	2021-10-09 20:19:50+00
134	235	2021-10-09 20:19:50+00	2021-10-09 20:19:50+00
14	235	2021-10-09 20:19:50+00	2021-10-09 20:19:50+00
140	235	2021-10-09 20:19:50+00	2021-10-09 20:19:50+00
104	236	2021-10-09 20:19:50+00	2021-10-09 20:19:50+00
106	236	2021-10-09 20:19:50+00	2021-10-09 20:19:50+00
122	236	2021-10-09 20:19:50+00	2021-10-09 20:19:50+00
127	236	2021-10-09 20:19:50+00	2021-10-09 20:19:50+00
149	236	2021-10-09 20:19:50+00	2021-10-09 20:19:50+00
108	237	2021-10-09 20:19:50+00	2021-10-09 20:19:50+00
109	237	2021-10-09 20:19:50+00	2021-10-09 20:19:50+00
118	237	2021-10-09 20:19:50+00	2021-10-09 20:19:50+00
168	237	2021-10-09 20:19:50+00	2021-10-09 20:19:50+00
100	238	2021-10-09 20:19:50+00	2021-10-09 20:19:50+00
102	238	2021-10-09 20:19:50+00	2021-10-09 20:19:50+00
109	238	2021-10-09 20:19:50+00	2021-10-09 20:19:50+00
11	238	2021-10-09 20:19:50+00	2021-10-09 20:19:50+00
114	238	2021-10-09 20:19:50+00	2021-10-09 20:19:50+00
142	238	2021-10-09 20:19:50+00	2021-10-09 20:19:50+00
145	238	2021-10-09 20:19:50+00	2021-10-09 20:19:50+00
149	238	2021-10-09 20:19:50+00	2021-10-09 20:19:50+00
158	238	2021-10-09 20:19:50+00	2021-10-09 20:19:50+00
105	239	2021-10-09 20:19:50+00	2021-10-09 20:19:50+00
125	239	2021-10-09 20:19:50+00	2021-10-09 20:19:50+00
138	239	2021-10-09 20:19:50+00	2021-10-09 20:19:50+00
128	240	2021-10-09 20:19:50+00	2021-10-09 20:19:50+00
129	240	2021-10-09 20:19:50+00	2021-10-09 20:19:50+00
133	240	2021-10-09 20:19:50+00	2021-10-09 20:19:50+00
155	240	2021-10-09 20:19:50+00	2021-10-09 20:19:50+00
106	241	2021-10-09 20:19:50+00	2021-10-09 20:19:50+00
127	241	2021-10-09 20:19:50+00	2021-10-09 20:19:50+00
13	241	2021-10-09 20:19:50+00	2021-10-09 20:19:50+00
160	241	2021-10-09 20:19:50+00	2021-10-09 20:19:50+00
105	242	2021-10-09 20:19:50+00	2021-10-09 20:19:50+00
108	242	2021-10-09 20:19:50+00	2021-10-09 20:19:50+00
126	242	2021-10-09 20:19:50+00	2021-10-09 20:19:50+00
131	242	2021-10-09 20:19:50+00	2021-10-09 20:19:50+00
135	242	2021-10-09 20:19:50+00	2021-10-09 20:19:50+00
163	242	2021-10-09 20:19:50+00	2021-10-09 20:19:50+00
166	242	2021-10-09 20:19:50+00	2021-10-09 20:19:50+00
167	242	2021-10-09 20:19:50+00	2021-10-09 20:19:50+00
172	242	2021-10-09 20:19:50+00	2021-10-09 20:19:50+00
104	243	2021-10-09 20:19:50+00	2021-10-09 20:19:50+00
113	243	2021-10-09 20:19:50+00	2021-10-09 20:19:50+00
120	243	2021-10-09 20:19:50+00	2021-10-09 20:19:50+00
128	243	2021-10-09 20:19:50+00	2021-10-09 20:19:50+00
139	243	2021-10-09 20:19:50+00	2021-10-09 20:19:50+00
144	243	2021-10-09 20:19:50+00	2021-10-09 20:19:50+00
15	243	2021-10-09 20:19:50+00	2021-10-09 20:19:50+00
157	243	2021-10-09 20:19:50+00	2021-10-09 20:19:50+00
129	244	2021-10-09 20:19:50+00	2021-10-09 20:19:50+00
136	244	2021-10-09 20:19:50+00	2021-10-09 20:19:50+00
107	245	2021-10-09 20:19:50+00	2021-10-09 20:19:50+00
108	245	2021-10-09 20:19:50+00	2021-10-09 20:19:50+00
124	245	2021-10-09 20:19:50+00	2021-10-09 20:19:50+00
130	245	2021-10-09 20:19:50+00	2021-10-09 20:19:50+00
135	245	2021-10-09 20:19:50+00	2021-10-09 20:19:50+00
140	245	2021-10-09 20:19:50+00	2021-10-09 20:19:50+00
145	245	2021-10-09 20:19:50+00	2021-10-09 20:19:50+00
163	245	2021-10-09 20:19:50+00	2021-10-09 20:19:50+00
155	246	2021-10-09 20:19:50+00	2021-10-09 20:19:50+00
24	246	2021-10-09 20:19:50+00	2021-10-09 20:19:50+00
53	246	2021-10-09 20:19:50+00	2021-10-09 20:19:50+00
106	247	2021-10-09 20:19:50+00	2021-10-09 20:19:50+00
124	247	2021-10-09 20:19:50+00	2021-10-09 20:19:50+00
14	247	2021-10-09 20:19:50+00	2021-10-09 20:19:50+00
168	247	2021-10-09 20:19:50+00	2021-10-09 20:19:50+00
24	247	2021-10-09 20:19:50+00	2021-10-09 20:19:50+00
43	247	2021-10-09 20:19:50+00	2021-10-09 20:19:50+00
109	248	2021-10-09 20:19:50+00	2021-10-09 20:19:50+00
112	248	2021-10-09 20:19:50+00	2021-10-09 20:19:50+00
12	248	2021-10-09 20:19:50+00	2021-10-09 20:19:50+00
121	248	2021-10-09 20:19:50+00	2021-10-09 20:19:50+00
132	248	2021-10-09 20:19:50+00	2021-10-09 20:19:50+00
165	248	2021-10-09 20:19:50+00	2021-10-09 20:19:50+00
173	248	2021-10-09 20:19:50+00	2021-10-09 20:19:50+00
23	248	2021-10-09 20:19:50+00	2021-10-09 20:19:50+00
111	249	2021-10-09 20:19:50+00	2021-10-09 20:19:50+00
145	249	2021-10-09 20:19:50+00	2021-10-09 20:19:50+00
151	249	2021-10-09 20:19:50+00	2021-10-09 20:19:50+00
153	249	2021-10-09 20:19:50+00	2021-10-09 20:19:50+00
158	249	2021-10-09 20:19:50+00	2021-10-09 20:19:50+00
159	249	2021-10-09 20:19:50+00	2021-10-09 20:19:50+00
124	250	2021-10-09 20:19:50+00	2021-10-09 20:19:50+00
138	250	2021-10-09 20:19:50+00	2021-10-09 20:19:50+00
142	250	2021-10-09 20:19:50+00	2021-10-09 20:19:50+00
144	250	2021-10-09 20:19:50+00	2021-10-09 20:19:50+00
163	250	2021-10-09 20:19:50+00	2021-10-09 20:19:50+00
104	251	2021-10-09 20:19:50+00	2021-10-09 20:19:50+00
105	251	2021-10-09 20:19:50+00	2021-10-09 20:19:50+00
111	251	2021-10-09 20:19:50+00	2021-10-09 20:19:50+00
121	251	2021-10-09 20:19:50+00	2021-10-09 20:19:50+00
125	251	2021-10-09 20:19:50+00	2021-10-09 20:19:50+00
133	251	2021-10-09 20:19:50+00	2021-10-09 20:19:50+00
134	251	2021-10-09 20:19:50+00	2021-10-09 20:19:50+00
14	251	2021-10-09 20:19:50+00	2021-10-09 20:19:50+00
140	251	2021-10-09 20:19:50+00	2021-10-09 20:19:50+00
149	251	2021-10-09 20:19:50+00	2021-10-09 20:19:50+00
112	252	2021-10-09 20:19:50+00	2021-10-09 20:19:50+00
127	252	2021-10-09 20:19:50+00	2021-10-09 20:19:50+00
135	252	2021-10-09 20:19:50+00	2021-10-09 20:19:50+00
136	252	2021-10-09 20:19:50+00	2021-10-09 20:19:50+00
14	252	2021-10-09 20:19:50+00	2021-10-09 20:19:50+00
140	252	2021-10-09 20:19:50+00	2021-10-09 20:19:50+00
106	253	2021-10-09 20:19:50+00	2021-10-09 20:19:50+00
135	253	2021-10-09 20:19:50+00	2021-10-09 20:19:50+00
155	253	2021-10-09 20:19:50+00	2021-10-09 20:19:50+00
159	253	2021-10-09 20:19:50+00	2021-10-09 20:19:50+00
16	253	2021-10-09 20:19:50+00	2021-10-09 20:19:50+00
118	254	2021-10-09 20:19:50+00	2021-10-09 20:19:50+00
140	254	2021-10-09 20:19:50+00	2021-10-09 20:19:50+00
153	254	2021-10-09 20:19:50+00	2021-10-09 20:19:50+00
123	255	2021-10-09 20:19:50+00	2021-10-09 20:19:50+00
131	255	2021-10-09 20:19:50+00	2021-10-09 20:19:50+00
144	255	2021-10-09 20:19:50+00	2021-10-09 20:19:50+00
106	256	2021-10-09 20:19:50+00	2021-10-09 20:19:50+00
130	256	2021-10-09 20:19:50+00	2021-10-09 20:19:50+00
136	256	2021-10-09 20:19:50+00	2021-10-09 20:19:50+00
145	256	2021-10-09 20:19:50+00	2021-10-09 20:19:50+00
15	256	2021-10-09 20:19:50+00	2021-10-09 20:19:50+00
163	256	2021-10-09 20:19:50+00	2021-10-09 20:19:50+00
100	257	2021-10-09 20:19:50+00	2021-10-09 20:19:50+00
102	257	2021-10-09 20:19:50+00	2021-10-09 20:19:50+00
105	257	2021-10-09 20:19:50+00	2021-10-09 20:19:50+00
11	257	2021-10-09 20:19:50+00	2021-10-09 20:19:50+00
110	257	2021-10-09 20:19:50+00	2021-10-09 20:19:50+00
144	257	2021-10-09 20:19:50+00	2021-10-09 20:19:50+00
153	257	2021-10-09 20:19:50+00	2021-10-09 20:19:50+00
154	257	2021-10-09 20:19:50+00	2021-10-09 20:19:50+00
170	257	2021-10-09 20:19:50+00	2021-10-09 20:19:50+00
111	258	2021-10-09 20:19:50+00	2021-10-09 20:19:50+00
135	258	2021-10-09 20:19:50+00	2021-10-09 20:19:50+00
144	258	2021-10-09 20:19:50+00	2021-10-09 20:19:50+00
153	258	2021-10-09 20:19:50+00	2021-10-09 20:19:50+00
167	258	2021-10-09 20:19:50+00	2021-10-09 20:19:50+00
169	258	2021-10-09 20:19:50+00	2021-10-09 20:19:50+00
170	258	2021-10-09 20:19:50+00	2021-10-09 20:19:50+00
11	259	2021-10-09 20:19:50+00	2021-10-09 20:19:50+00
114	259	2021-10-09 20:19:50+00	2021-10-09 20:19:50+00
129	259	2021-10-09 20:19:50+00	2021-10-09 20:19:50+00
132	259	2021-10-09 20:19:50+00	2021-10-09 20:19:50+00
145	259	2021-10-09 20:19:50+00	2021-10-09 20:19:50+00
29	259	2021-10-09 20:19:50+00	2021-10-09 20:19:50+00
30	259	2021-10-09 20:19:50+00	2021-10-09 20:19:50+00
38	259	2021-10-09 20:19:50+00	2021-10-09 20:19:50+00
115	260	2021-10-09 20:19:50+00	2021-10-09 20:19:50+00
131	260	2021-10-09 20:19:50+00	2021-10-09 20:19:50+00
143	260	2021-10-09 20:19:50+00	2021-10-09 20:19:50+00
25	260	2021-10-09 20:19:50+00	2021-10-09 20:19:50+00
16	261	2021-10-09 20:19:50+00	2021-10-09 20:19:50+00
173	261	2021-10-09 20:19:50+00	2021-10-09 20:19:50+00
38	261	2021-10-09 20:19:50+00	2021-10-09 20:19:50+00
40	261	2021-10-09 20:19:50+00	2021-10-09 20:19:50+00
47	261	2021-10-09 20:19:50+00	2021-10-09 20:19:50+00
51	261	2021-10-09 20:19:50+00	2021-10-09 20:19:50+00
58	261	2021-10-09 20:19:50+00	2021-10-09 20:19:50+00
113	262	2021-10-09 20:19:50+00	2021-10-09 20:19:50+00
123	262	2021-10-09 20:19:50+00	2021-10-09 20:19:50+00
138	262	2021-10-09 20:19:50+00	2021-10-09 20:19:50+00
26	262	2021-10-09 20:19:50+00	2021-10-09 20:19:50+00
108	263	2021-10-09 20:19:50+00	2021-10-09 20:19:50+00
112	263	2021-10-09 20:19:50+00	2021-10-09 20:19:50+00
118	263	2021-10-09 20:19:50+00	2021-10-09 20:19:50+00
119	263	2021-10-09 20:19:50+00	2021-10-09 20:19:50+00
122	263	2021-10-09 20:19:50+00	2021-10-09 20:19:50+00
137	263	2021-10-09 20:19:50+00	2021-10-09 20:19:50+00
138	263	2021-10-09 20:19:50+00	2021-10-09 20:19:50+00
10	264	2021-10-09 20:19:50+00	2021-10-09 20:19:50+00
111	264	2021-10-09 20:19:50+00	2021-10-09 20:19:50+00
115	264	2021-10-09 20:19:50+00	2021-10-09 20:19:50+00
120	264	2021-10-09 20:19:50+00	2021-10-09 20:19:50+00
125	264	2021-10-09 20:19:50+00	2021-10-09 20:19:50+00
131	264	2021-10-09 20:19:50+00	2021-10-09 20:19:50+00
145	264	2021-10-09 20:19:50+00	2021-10-09 20:19:50+00
166	264	2021-10-09 20:19:50+00	2021-10-09 20:19:50+00
169	264	2021-10-09 20:19:50+00	2021-10-09 20:19:50+00
136	265	2021-10-09 20:19:50+00	2021-10-09 20:19:50+00
167	265	2021-10-09 20:19:50+00	2021-10-09 20:19:50+00
171	265	2021-10-09 20:19:50+00	2021-10-09 20:19:50+00
34	265	2021-10-09 20:19:50+00	2021-10-09 20:19:50+00
4	265	2021-10-09 20:19:50+00	2021-10-09 20:19:50+00
111	266	2021-10-09 20:19:50+00	2021-10-09 20:19:50+00
113	266	2021-10-09 20:19:50+00	2021-10-09 20:19:50+00
116	266	2021-10-09 20:19:50+00	2021-10-09 20:19:50+00
118	266	2021-10-09 20:19:50+00	2021-10-09 20:19:50+00
145	266	2021-10-09 20:19:50+00	2021-10-09 20:19:50+00
150	266	2021-10-09 20:19:50+00	2021-10-09 20:19:50+00
103	267	2021-10-09 20:19:50+00	2021-10-09 20:19:50+00
11	267	2021-10-09 20:19:50+00	2021-10-09 20:19:50+00
115	267	2021-10-09 20:19:50+00	2021-10-09 20:19:50+00
125	267	2021-10-09 20:19:50+00	2021-10-09 20:19:50+00
144	267	2021-10-09 20:19:50+00	2021-10-09 20:19:50+00
146	267	2021-10-09 20:19:50+00	2021-10-09 20:19:50+00
109	268	2021-10-09 20:19:50+00	2021-10-09 20:19:50+00
117	268	2021-10-09 20:19:50+00	2021-10-09 20:19:50+00
119	268	2021-10-09 20:19:50+00	2021-10-09 20:19:50+00
121	268	2021-10-09 20:19:50+00	2021-10-09 20:19:50+00
132	268	2021-10-09 20:19:50+00	2021-10-09 20:19:50+00
16	268	2021-10-09 20:19:50+00	2021-10-09 20:19:50+00
20	268	2021-10-09 20:19:50+00	2021-10-09 20:19:50+00
36	268	2021-10-09 20:19:50+00	2021-10-09 20:19:50+00
127	269	2021-10-09 20:19:50+00	2021-10-09 20:19:50+00
144	269	2021-10-09 20:19:50+00	2021-10-09 20:19:50+00
161	269	2021-10-09 20:19:50+00	2021-10-09 20:19:50+00
163	269	2021-10-09 20:19:50+00	2021-10-09 20:19:50+00
113	270	2021-10-09 20:19:50+00	2021-10-09 20:19:50+00
124	270	2021-10-09 20:19:50+00	2021-10-09 20:19:50+00
14	270	2021-10-09 20:19:50+00	2021-10-09 20:19:50+00
144	270	2021-10-09 20:19:50+00	2021-10-09 20:19:50+00
168	270	2021-10-09 20:19:50+00	2021-10-09 20:19:50+00
22	270	2021-10-09 20:19:50+00	2021-10-09 20:19:50+00
3	270	2021-10-09 20:19:50+00	2021-10-09 20:19:50+00
11	271	2021-10-09 20:19:50+00	2021-10-09 20:19:50+00
113	271	2021-10-09 20:19:50+00	2021-10-09 20:19:50+00
132	271	2021-10-09 20:19:50+00	2021-10-09 20:19:50+00
158	271	2021-10-09 20:19:50+00	2021-10-09 20:19:50+00
19	271	2021-10-09 20:19:50+00	2021-10-09 20:19:50+00
33	271	2021-10-09 20:19:50+00	2021-10-09 20:19:50+00
35	271	2021-10-09 20:19:50+00	2021-10-09 20:19:50+00
40	271	2021-10-09 20:19:50+00	2021-10-09 20:19:50+00
101	272	2021-10-09 20:19:50+00	2021-10-09 20:19:50+00
128	272	2021-10-09 20:19:50+00	2021-10-09 20:19:50+00
132	272	2021-10-09 20:19:50+00	2021-10-09 20:19:50+00
140	272	2021-10-09 20:19:50+00	2021-10-09 20:19:50+00
155	272	2021-10-09 20:19:50+00	2021-10-09 20:19:50+00
165	272	2021-10-09 20:19:50+00	2021-10-09 20:19:50+00
173	272	2021-10-09 20:19:50+00	2021-10-09 20:19:50+00
27	272	2021-10-09 20:19:50+00	2021-10-09 20:19:50+00
3	272	2021-10-09 20:19:50+00	2021-10-09 20:19:50+00
103	273	2021-10-09 20:19:50+00	2021-10-09 20:19:50+00
111	273	2021-10-09 20:19:50+00	2021-10-09 20:19:50+00
114	273	2021-10-09 20:19:50+00	2021-10-09 20:19:50+00
170	273	2021-10-09 20:19:50+00	2021-10-09 20:19:50+00
35	273	2021-10-09 20:19:50+00	2021-10-09 20:19:50+00
111	274	2021-10-09 20:19:50+00	2021-10-09 20:19:50+00
118	274	2021-10-09 20:19:50+00	2021-10-09 20:19:50+00
124	274	2021-10-09 20:19:50+00	2021-10-09 20:19:50+00
148	274	2021-10-09 20:19:50+00	2021-10-09 20:19:50+00
161	274	2021-10-09 20:19:50+00	2021-10-09 20:19:50+00
22	274	2021-10-09 20:19:50+00	2021-10-09 20:19:50+00
27	274	2021-10-09 20:19:50+00	2021-10-09 20:19:50+00
109	275	2021-10-09 20:19:50+00	2021-10-09 20:19:50+00
117	275	2021-10-09 20:19:50+00	2021-10-09 20:19:50+00
121	275	2021-10-09 20:19:50+00	2021-10-09 20:19:50+00
129	275	2021-10-09 20:19:50+00	2021-10-09 20:19:50+00
13	275	2021-10-09 20:19:50+00	2021-10-09 20:19:50+00
14	275	2021-10-09 20:19:50+00	2021-10-09 20:19:50+00
142	275	2021-10-09 20:19:50+00	2021-10-09 20:19:50+00
144	275	2021-10-09 20:19:50+00	2021-10-09 20:19:50+00
146	275	2021-10-09 20:19:50+00	2021-10-09 20:19:50+00
103	276	2021-10-09 20:19:50+00	2021-10-09 20:19:50+00
104	276	2021-10-09 20:19:50+00	2021-10-09 20:19:50+00
116	276	2021-10-09 20:19:50+00	2021-10-09 20:19:50+00
122	276	2021-10-09 20:19:50+00	2021-10-09 20:19:50+00
145	276	2021-10-09 20:19:50+00	2021-10-09 20:19:50+00
153	276	2021-10-09 20:19:50+00	2021-10-09 20:19:50+00
17	276	2021-10-09 20:19:50+00	2021-10-09 20:19:50+00
29	276	2021-10-09 20:19:50+00	2021-10-09 20:19:50+00
107	277	2021-10-09 20:19:50+00	2021-10-09 20:19:50+00
109	277	2021-10-09 20:19:50+00	2021-10-09 20:19:50+00
118	277	2021-10-09 20:19:50+00	2021-10-09 20:19:50+00
123	277	2021-10-09 20:19:50+00	2021-10-09 20:19:50+00
141	277	2021-10-09 20:19:50+00	2021-10-09 20:19:50+00
150	277	2021-10-09 20:19:50+00	2021-10-09 20:19:50+00
19	277	2021-10-09 20:19:50+00	2021-10-09 20:19:50+00
27	277	2021-10-09 20:19:50+00	2021-10-09 20:19:50+00
111	278	2021-10-09 20:19:50+00	2021-10-09 20:19:50+00
137	278	2021-10-09 20:19:50+00	2021-10-09 20:19:50+00
139	278	2021-10-09 20:19:50+00	2021-10-09 20:19:50+00
147	278	2021-10-09 20:19:50+00	2021-10-09 20:19:50+00
162	278	2021-10-09 20:19:50+00	2021-10-09 20:19:50+00
27	278	2021-10-09 20:19:50+00	2021-10-09 20:19:50+00
100	279	2021-10-09 20:19:50+00	2021-10-09 20:19:50+00
103	279	2021-10-09 20:19:50+00	2021-10-09 20:19:50+00
140	279	2021-10-09 20:19:50+00	2021-10-09 20:19:50+00
148	279	2021-10-09 20:19:50+00	2021-10-09 20:19:50+00
152	279	2021-10-09 20:19:50+00	2021-10-09 20:19:50+00
16	279	2021-10-09 20:19:50+00	2021-10-09 20:19:50+00
166	279	2021-10-09 20:19:50+00	2021-10-09 20:19:50+00
107	280	2021-10-09 20:19:50+00	2021-10-09 20:19:50+00
108	280	2021-10-09 20:19:50+00	2021-10-09 20:19:50+00
11	280	2021-10-09 20:19:50+00	2021-10-09 20:19:50+00
125	280	2021-10-09 20:19:50+00	2021-10-09 20:19:50+00
13	280	2021-10-09 20:19:50+00	2021-10-09 20:19:50+00
130	280	2021-10-09 20:19:50+00	2021-10-09 20:19:50+00
140	280	2021-10-09 20:19:50+00	2021-10-09 20:19:50+00
149	281	2021-10-09 20:19:50+00	2021-10-09 20:19:50+00
39	281	2021-10-09 20:19:50+00	2021-10-09 20:19:50+00
143	282	2021-10-09 20:19:50+00	2021-10-09 20:19:50+00
149	282	2021-10-09 20:19:50+00	2021-10-09 20:19:50+00
17	282	2021-10-09 20:19:50+00	2021-10-09 20:19:50+00
24	282	2021-10-09 20:19:50+00	2021-10-09 20:19:50+00
102	283	2021-10-09 20:19:50+00	2021-10-09 20:19:50+00
112	283	2021-10-09 20:19:50+00	2021-10-09 20:19:50+00
130	283	2021-10-09 20:19:50+00	2021-10-09 20:19:50+00
158	283	2021-10-09 20:19:50+00	2021-10-09 20:19:50+00
4	283	2021-10-09 20:19:50+00	2021-10-09 20:19:50+00
43	283	2021-10-09 20:19:50+00	2021-10-09 20:19:50+00
51	283	2021-10-09 20:19:50+00	2021-10-09 20:19:50+00
143	284	2021-10-09 20:19:50+00	2021-10-09 20:19:50+00
157	284	2021-10-09 20:19:50+00	2021-10-09 20:19:50+00
166	284	2021-10-09 20:19:50+00	2021-10-09 20:19:50+00
111	285	2021-10-09 20:19:50+00	2021-10-09 20:19:50+00
113	285	2021-10-09 20:19:50+00	2021-10-09 20:19:50+00
120	285	2021-10-09 20:19:50+00	2021-10-09 20:19:50+00
148	285	2021-10-09 20:19:50+00	2021-10-09 20:19:50+00
151	285	2021-10-09 20:19:50+00	2021-10-09 20:19:50+00
132	286	2021-10-09 20:19:50+00	2021-10-09 20:19:50+00
143	286	2021-10-09 20:19:50+00	2021-10-09 20:19:50+00
173	286	2021-10-09 20:19:50+00	2021-10-09 20:19:50+00
31	286	2021-10-09 20:19:50+00	2021-10-09 20:19:50+00
43	286	2021-10-09 20:19:50+00	2021-10-09 20:19:50+00
6	286	2021-10-09 20:19:50+00	2021-10-09 20:19:50+00
145	287	2021-10-09 20:19:50+00	2021-10-09 20:19:50+00
149	287	2021-10-09 20:19:50+00	2021-10-09 20:19:50+00
152	287	2021-10-09 20:19:50+00	2021-10-09 20:19:50+00
161	287	2021-10-09 20:19:50+00	2021-10-09 20:19:50+00
165	287	2021-10-09 20:19:50+00	2021-10-09 20:19:50+00
36	287	2021-10-09 20:19:50+00	2021-10-09 20:19:50+00
4	287	2021-10-09 20:19:50+00	2021-10-09 20:19:50+00
142	288	2021-10-09 20:19:50+00	2021-10-09 20:19:50+00
156	288	2021-10-09 20:19:50+00	2021-10-09 20:19:50+00
110	289	2021-10-09 20:19:50+00	2021-10-09 20:19:50+00
126	289	2021-10-09 20:19:50+00	2021-10-09 20:19:50+00
146	289	2021-10-09 20:19:50+00	2021-10-09 20:19:50+00
162	289	2021-10-09 20:19:50+00	2021-10-09 20:19:50+00
153	290	2021-10-09 20:19:50+00	2021-10-09 20:19:50+00
158	290	2021-10-09 20:19:50+00	2021-10-09 20:19:50+00
161	290	2021-10-09 20:19:50+00	2021-10-09 20:19:50+00
17	290	2021-10-09 20:19:50+00	2021-10-09 20:19:50+00
21	290	2021-10-09 20:19:50+00	2021-10-09 20:19:50+00
26	290	2021-10-09 20:19:50+00	2021-10-09 20:19:50+00
134	291	2021-10-09 20:19:50+00	2021-10-09 20:19:50+00
138	291	2021-10-09 20:19:50+00	2021-10-09 20:19:50+00
157	291	2021-10-09 20:19:50+00	2021-10-09 20:19:50+00
162	291	2021-10-09 20:19:50+00	2021-10-09 20:19:50+00
144	292	2021-10-09 20:19:50+00	2021-10-09 20:19:50+00
156	292	2021-10-09 20:19:50+00	2021-10-09 20:19:50+00
117	293	2021-10-09 20:19:50+00	2021-10-09 20:19:50+00
133	293	2021-10-09 20:19:50+00	2021-10-09 20:19:50+00
134	293	2021-10-09 20:19:50+00	2021-10-09 20:19:50+00
14	293	2021-10-09 20:19:50+00	2021-10-09 20:19:50+00
146	293	2021-10-09 20:19:50+00	2021-10-09 20:19:50+00
165	293	2021-10-09 20:19:50+00	2021-10-09 20:19:50+00
18	293	2021-10-09 20:19:50+00	2021-10-09 20:19:50+00
25	293	2021-10-09 20:19:50+00	2021-10-09 20:19:50+00
11	294	2021-10-09 20:19:50+00	2021-10-09 20:19:50+00
110	294	2021-10-09 20:19:50+00	2021-10-09 20:19:50+00
112	294	2021-10-09 20:19:50+00	2021-10-09 20:19:50+00
120	294	2021-10-09 20:19:50+00	2021-10-09 20:19:50+00
135	294	2021-10-09 20:19:50+00	2021-10-09 20:19:50+00
151	294	2021-10-09 20:19:50+00	2021-10-09 20:19:50+00
153	294	2021-10-09 20:19:50+00	2021-10-09 20:19:50+00
163	294	2021-10-09 20:19:50+00	2021-10-09 20:19:50+00
101	295	2021-10-09 20:19:50+00	2021-10-09 20:19:50+00
109	295	2021-10-09 20:19:50+00	2021-10-09 20:19:50+00
113	295	2021-10-09 20:19:50+00	2021-10-09 20:19:50+00
122	295	2021-10-09 20:19:50+00	2021-10-09 20:19:50+00
123	295	2021-10-09 20:19:50+00	2021-10-09 20:19:50+00
126	295	2021-10-09 20:19:50+00	2021-10-09 20:19:50+00
127	295	2021-10-09 20:19:50+00	2021-10-09 20:19:50+00
128	295	2021-10-09 20:19:50+00	2021-10-09 20:19:50+00
131	296	2021-10-09 20:19:50+00	2021-10-09 20:19:50+00
149	296	2021-10-09 20:19:50+00	2021-10-09 20:19:50+00
153	296	2021-10-09 20:19:50+00	2021-10-09 20:19:50+00
16	296	2021-10-09 20:19:50+00	2021-10-09 20:19:50+00
27	296	2021-10-09 20:19:50+00	2021-10-09 20:19:50+00
37	296	2021-10-09 20:19:50+00	2021-10-09 20:19:50+00
100	297	2021-10-09 20:19:50+00	2021-10-09 20:19:50+00
112	297	2021-10-09 20:19:50+00	2021-10-09 20:19:50+00
12	297	2021-10-09 20:19:50+00	2021-10-09 20:19:50+00
136	297	2021-10-09 20:19:50+00	2021-10-09 20:19:50+00
158	297	2021-10-09 20:19:50+00	2021-10-09 20:19:50+00
165	297	2021-10-09 20:19:50+00	2021-10-09 20:19:50+00
170	297	2021-10-09 20:19:50+00	2021-10-09 20:19:50+00
3	297	2021-10-09 20:19:50+00	2021-10-09 20:19:50+00
34	297	2021-10-09 20:19:50+00	2021-10-09 20:19:50+00
103	298	2021-10-09 20:19:50+00	2021-10-09 20:19:50+00
104	298	2021-10-09 20:19:50+00	2021-10-09 20:19:50+00
12	298	2021-10-09 20:19:50+00	2021-10-09 20:19:50+00
137	298	2021-10-09 20:19:50+00	2021-10-09 20:19:50+00
143	298	2021-10-09 20:19:50+00	2021-10-09 20:19:50+00
150	298	2021-10-09 20:19:50+00	2021-10-09 20:19:50+00
154	298	2021-10-09 20:19:50+00	2021-10-09 20:19:50+00
160	298	2021-10-09 20:19:50+00	2021-10-09 20:19:50+00
100	299	2021-10-09 20:19:50+00	2021-10-09 20:19:50+00
136	299	2021-10-09 20:19:50+00	2021-10-09 20:19:50+00
139	299	2021-10-09 20:19:50+00	2021-10-09 20:19:50+00
152	299	2021-10-09 20:19:50+00	2021-10-09 20:19:50+00
155	299	2021-10-09 20:19:50+00	2021-10-09 20:19:50+00
11	300	2021-10-09 20:19:50+00	2021-10-09 20:19:50+00
150	300	2021-10-09 20:19:50+00	2021-10-09 20:19:50+00
156	300	2021-10-09 20:19:50+00	2021-10-09 20:19:50+00
109	301	2021-10-09 20:19:50+00	2021-10-09 20:19:50+00
127	301	2021-10-09 20:19:50+00	2021-10-09 20:19:50+00
130	301	2021-10-09 20:19:50+00	2021-10-09 20:19:50+00
135	301	2021-10-09 20:19:50+00	2021-10-09 20:19:50+00
147	301	2021-10-09 20:19:50+00	2021-10-09 20:19:50+00
118	302	2021-10-09 20:19:50+00	2021-10-09 20:19:50+00
157	302	2021-10-09 20:19:50+00	2021-10-09 20:19:50+00
168	302	2021-10-09 20:19:50+00	2021-10-09 20:19:50+00
24	302	2021-10-09 20:19:50+00	2021-10-09 20:19:50+00
107	303	2021-10-09 20:19:50+00	2021-10-09 20:19:50+00
11	303	2021-10-09 20:19:50+00	2021-10-09 20:19:50+00
112	303	2021-10-09 20:19:50+00	2021-10-09 20:19:50+00
13	303	2021-10-09 20:19:50+00	2021-10-09 20:19:50+00
130	303	2021-10-09 20:19:50+00	2021-10-09 20:19:50+00
147	303	2021-10-09 20:19:50+00	2021-10-09 20:19:50+00
15	303	2021-10-09 20:19:50+00	2021-10-09 20:19:50+00
117	304	2021-10-09 20:19:50+00	2021-10-09 20:19:50+00
14	304	2021-10-09 20:19:50+00	2021-10-09 20:19:50+00
106	305	2021-10-09 20:19:50+00	2021-10-09 20:19:50+00
118	305	2021-10-09 20:19:50+00	2021-10-09 20:19:50+00
12	305	2021-10-09 20:19:50+00	2021-10-09 20:19:50+00
123	305	2021-10-09 20:19:50+00	2021-10-09 20:19:50+00
127	305	2021-10-09 20:19:50+00	2021-10-09 20:19:50+00
150	305	2021-10-09 20:19:50+00	2021-10-09 20:19:50+00
153	305	2021-10-09 20:19:50+00	2021-10-09 20:19:50+00
172	305	2021-10-09 20:19:50+00	2021-10-09 20:19:50+00
\.


--
-- Data for Name: Skills; Type: TABLE DATA; Schema: public; Owner: dnedtjrx
--

COPY public."Skills" (id, name, "createdAt", "updatedAt") FROM stdin;
3	.net core	2021-10-09 20:19:50+00	2021-10-09 20:19:50+00
4	AIX	2021-10-09 20:19:50+00	2021-10-09 20:19:50+00
5	ASP.NET MVC	2021-10-09 20:19:50+00	2021-10-09 20:19:50+00
6	Abap	2021-10-09 20:19:50+00	2021-10-09 20:19:50+00
7	Adfox	2021-10-09 20:19:50+00	2021-10-09 20:19:50+00
8	Ado.net	2021-10-09 20:19:50+00	2021-10-09 20:19:50+00
9	Adobe air	2021-10-09 20:19:50+00	2021-10-09 20:19:50+00
10	Adobe flash	2021-10-09 20:19:50+00	2021-10-09 20:19:50+00
11	Aerospike	2021-10-09 20:19:50+00	2021-10-09 20:19:50+00
12	Agile	2021-10-09 20:19:50+00	2021-10-09 20:19:50+00
13	Ajax	2021-10-09 20:19:50+00	2021-10-09 20:19:50+00
14	Akka	2021-10-09 20:19:50+00	2021-10-09 20:19:50+00
15	AmoCRM	2021-10-09 20:19:50+00	2021-10-09 20:19:50+00
16	Android ndk	2021-10-09 20:19:50+00	2021-10-09 20:19:50+00
17	Angular	2021-10-09 20:19:50+00	2021-10-09 20:19:50+00
18	Ansi c	2021-10-09 20:19:50+00	2021-10-09 20:19:50+00
19	Ansible	2021-10-09 20:19:50+00	2021-10-09 20:19:50+00
20	Ant	2021-10-09 20:19:50+00	2021-10-09 20:19:50+00
21	Apache	2021-10-09 20:19:50+00	2021-10-09 20:19:50+00
22	Apache Flex	2021-10-09 20:19:50+00	2021-10-09 20:19:50+00
23	Apache Flink	2021-10-09 20:19:50+00	2021-10-09 20:19:50+00
24	Apache2	2021-10-09 20:19:50+00	2021-10-09 20:19:50+00
25	Arduino	2021-10-09 20:19:50+00	2021-10-09 20:19:50+00
26	Asm	2021-10-09 20:19:50+00	2021-10-09 20:19:50+00
27	Asp.net	2021-10-09 20:19:50+00	2021-10-09 20:19:50+00
28	Asp.net web api	2021-10-09 20:19:50+00	2021-10-09 20:19:50+00
29	Asp.net webforms	2021-10-09 20:19:50+00	2021-10-09 20:19:50+00
30	Atl	2021-10-09 20:19:50+00	2021-10-09 20:19:50+00
31	Avr-c	2021-10-09 20:19:50+00	2021-10-09 20:19:50+00
32	Axure rp	2021-10-09 20:19:50+00	2021-10-09 20:19:50+00
33	B2B	2021-10-09 20:19:50+00	2021-10-09 20:19:50+00
34	B2C	2021-10-09 20:19:50+00	2021-10-09 20:19:50+00
35	BFT	2021-10-09 20:19:50+00	2021-10-09 20:19:50+00
36	BGP	2021-10-09 20:19:50+00	2021-10-09 20:19:50+00
37	BI	2021-10-09 20:19:50+00	2021-10-09 20:19:50+00
38	C	2021-10-09 20:19:50+00	2021-10-09 20:19:50+00
39	C#	2021-10-09 20:19:50+00	2021-10-09 20:19:50+00
40	C++	2021-10-09 20:19:50+00	2021-10-09 20:19:50+00
41	C++ boost	2021-10-09 20:19:50+00	2021-10-09 20:19:50+00
42	C++ stl	2021-10-09 20:19:50+00	2021-10-09 20:19:50+00
43	CI/CD methodologies	2021-10-09 20:19:50+00	2021-10-09 20:19:50+00
44	CSS	2021-10-09 20:19:50+00	2021-10-09 20:19:50+00
45	CSS-in-JS	2021-10-09 20:19:50+00	2021-10-09 20:19:50+00
46	Cach? ObjectScript	2021-10-09 20:19:50+00	2021-10-09 20:19:50+00
47	Cacti	2021-10-09 20:19:50+00	2021-10-09 20:19:50+00
48	Caffe	2021-10-09 20:19:50+00	2021-10-09 20:19:50+00
49	Canvas	2021-10-09 20:19:50+00	2021-10-09 20:19:50+00
50	Ccna	2021-10-09 20:19:50+00	2021-10-09 20:19:50+00
51	Ccs	2021-10-09 20:19:50+00	2021-10-09 20:19:50+00
52	Celery	2021-10-09 20:19:50+00	2021-10-09 20:19:50+00
53	Centos	2021-10-09 20:19:50+00	2021-10-09 20:19:50+00
54	Chaplin.js	2021-10-09 20:19:50+00	2021-10-09 20:19:50+00
55	Chef	2021-10-09 20:19:50+00	2021-10-09 20:19:50+00
56	Cinema 4d	2021-10-09 20:19:50+00	2021-10-09 20:19:50+00
57	Cio	2021-10-09 20:19:50+00	2021-10-09 20:19:50+00
58	Circle CI	2021-10-09 20:19:50+00	2021-10-09 20:19:50+00
59	Cisco ccna	2021-10-09 20:19:50+00	2021-10-09 20:19:50+00
60	Cisco ccnp	2021-10-09 20:19:50+00	2021-10-09 20:19:50+00
61	Citrix	2021-10-09 20:19:50+00	2021-10-09 20:19:50+00
62	ClickHouse	2021-10-09 20:19:50+00	2021-10-09 20:19:50+00
63	Cmake	2021-10-09 20:19:50+00	2021-10-09 20:19:50+00
64	Cocoa	2021-10-09 20:19:50+00	2021-10-09 20:19:50+00
65	Cocoa touch	2021-10-09 20:19:50+00	2021-10-09 20:19:50+00
66	Cocos2d-iphone	2021-10-09 20:19:50+00	2021-10-09 20:19:50+00
67	Cocos2d-x	2021-10-09 20:19:50+00	2021-10-09 20:19:50+00
68	Common lisp	2021-10-09 20:19:50+00	2021-10-09 20:19:50+00
69	Consul	2021-10-09 20:19:50+00	2021-10-09 20:19:50+00
70	Core graphics	2021-10-09 20:19:50+00	2021-10-09 20:19:50+00
71	Corel draw	2021-10-09 20:19:50+00	2021-10-09 20:19:50+00
72	Corel painter	2021-10-09 20:19:50+00	2021-10-09 20:19:50+00
73	Corona sdk	2021-10-09 20:19:50+00	2021-10-09 20:19:50+00
74	Cortex m3	2021-10-09 20:19:50+00	2021-10-09 20:19:50+00
75	Cs-cart	2021-10-09 20:19:50+00	2021-10-09 20:19:50+00
76	Cuda	2021-10-09 20:19:50+00	2021-10-09 20:19:50+00
77	Curl	2021-10-09 20:19:50+00	2021-10-09 20:19:50+00
78	D	2021-10-09 20:19:50+00	2021-10-09 20:19:50+00
79	D3.js	2021-10-09 20:19:50+00	2021-10-09 20:19:50+00
80	DBA	2021-10-09 20:19:50+00	2021-10-09 20:19:50+00
81	DLT	2021-10-09 20:19:50+00	2021-10-09 20:19:50+00
82	DevRel	2021-10-09 20:19:50+00	2021-10-09 20:19:50+00
83	Dns	2021-10-09 20:19:50+00	2021-10-09 20:19:50+00
84	Dwh	2021-10-09 20:19:50+00	2021-10-09 20:19:50+00
85	Elm	2021-10-09 20:19:50+00	2021-10-09 20:19:50+00
86	Ext.js	2021-10-09 20:19:50+00	2021-10-09 20:19:50+00
87	F#	2021-10-09 20:19:50+00	2021-10-09 20:19:50+00
88	FastAPI	2021-10-09 20:19:50+00	2021-10-09 20:19:50+00
89	Fl studio	2021-10-09 20:19:50+00	2021-10-09 20:19:50+00
90	Flask	2021-10-09 20:19:50+00	2021-10-09 20:19:50+00
91	Flex	2021-10-09 20:19:50+00	2021-10-09 20:19:50+00
92	Flow.js	2021-10-09 20:19:50+00	2021-10-09 20:19:50+00
93	Flutter	2021-10-09 20:19:50+00	2021-10-09 20:19:50+00
94	FluxCD	2021-10-09 20:19:50+00	2021-10-09 20:19:50+00
95	J2me	2021-10-09 20:19:50+00	2021-10-09 20:19:50+00
96	JFrog	2021-10-09 20:19:50+00	2021-10-09 20:19:50+00
97	JOOQ	2021-10-09 20:19:50+00	2021-10-09 20:19:50+00
98	JQuery	2021-10-09 20:19:50+00	2021-10-09 20:19:50+00
99	JSS	2021-10-09 20:19:50+00	2021-10-09 20:19:50+00
100	Jade	2021-10-09 20:19:50+00	2021-10-09 20:19:50+00
101	Java	2021-10-09 20:19:50+00	2021-10-09 20:19:50+00
102	Java EE	2021-10-09 20:19:50+00	2021-10-09 20:19:50+00
103	Javafx	2021-10-09 20:19:50+00	2021-10-09 20:19:50+00
104	Jdbc	2021-10-09 20:19:50+00	2021-10-09 20:19:50+00
105	Jee	2021-10-09 20:19:50+00	2021-10-09 20:19:50+00
106	Jest	2021-10-09 20:19:50+00	2021-10-09 20:19:50+00
107	Jira	2021-10-09 20:19:50+00	2021-10-09 20:19:50+00
108	Joomla	2021-10-09 20:19:50+00	2021-10-09 20:19:50+00
109	Jquery mobile	2021-10-09 20:19:50+00	2021-10-09 20:19:50+00
110	Jsf	2021-10-09 20:19:50+00	2021-10-09 20:19:50+00
111	Junit	2021-10-09 20:19:50+00	2021-10-09 20:19:50+00
112	MobX	2021-10-09 20:19:50+00	2021-10-09 20:19:50+00
113	Mobile	2021-10-09 20:19:50+00	2021-10-09 20:19:50+00
114	MochaJS	2021-10-09 20:19:50+00	2021-10-09 20:19:50+00
115	Modx cms	2021-10-09 20:19:50+00	2021-10-09 20:19:50+00
116	Modx evo	2021-10-09 20:19:50+00	2021-10-09 20:19:50+00
117	Modx revolution	2021-10-09 20:19:50+00	2021-10-09 20:19:50+00
118	Mojolicious	2021-10-09 20:19:50+00	2021-10-09 20:19:50+00
119	MongoDB	2021-10-09 20:19:50+00	2021-10-09 20:19:50+00
120	Mootools	2021-10-09 20:19:50+00	2021-10-09 20:19:50+00
121	Ms access	2021-10-09 20:19:50+00	2021-10-09 20:19:50+00
122	Nagios	2021-10-09 20:19:50+00	2021-10-09 20:19:50+00
123	Neo4j	2021-10-09 20:19:50+00	2021-10-09 20:19:50+00
124	NestJS	2021-10-09 20:19:50+00	2021-10-09 20:19:50+00
125	NetBackup	2021-10-09 20:19:50+00	2021-10-09 20:19:50+00
126	Netbeans	2021-10-09 20:19:50+00	2021-10-09 20:19:50+00
127	Netcat cms	2021-10-09 20:19:50+00	2021-10-09 20:19:50+00
128	Netty	2021-10-09 20:19:50+00	2021-10-09 20:19:50+00
129	NextJS	2021-10-09 20:19:50+00	2021-10-09 20:19:50+00
130	Nginx	2021-10-09 20:19:50+00	2021-10-09 20:19:50+00
131	Nhibernate	2021-10-09 20:19:50+00	2021-10-09 20:19:50+00
132	Node-webkit	2021-10-09 20:19:50+00	2021-10-09 20:19:50+00
133	Node.js	2021-10-09 20:19:50+00	2021-10-09 20:19:50+00
134	Nosql	2021-10-09 20:19:50+00	2021-10-09 20:19:50+00
135	Notepad++	2021-10-09 20:19:50+00	2021-10-09 20:19:50+00
136	Nuke	2021-10-09 20:19:50+00	2021-10-09 20:19:50+00
137	Numpy	2021-10-09 20:19:50+00	2021-10-09 20:19:50+00
138	Nunit	2021-10-09 20:19:50+00	2021-10-09 20:19:50+00
139	Nuxt.js	2021-10-09 20:19:50+00	2021-10-09 20:19:50+00
140	Osi model	2021-10-09 20:19:50+00	2021-10-09 20:19:50+00
141	Pure-c	2021-10-09 20:19:50+00	2021-10-09 20:19:50+00
142	Qt	2021-10-09 20:19:50+00	2021-10-09 20:19:50+00
143	R	2021-10-09 20:19:50+00	2021-10-09 20:19:50+00
144	RDMA	2021-10-09 20:19:50+00	2021-10-09 20:19:50+00
145	RGB	2021-10-09 20:19:50+00	2021-10-09 20:19:50+00
146	Rabbitmq	2021-10-09 20:19:50+00	2021-10-09 20:19:50+00
147	ReactJS	2021-10-09 20:19:50+00	2021-10-09 20:19:50+00
148	RealBig	2021-10-09 20:19:50+00	2021-10-09 20:19:50+00
149	Realm	2021-10-09 20:19:50+00	2021-10-09 20:19:50+00
150	ReasonML	2021-10-09 20:19:50+00	2021-10-09 20:19:50+00
151	Recoil	2021-10-09 20:19:50+00	2021-10-09 20:19:50+00
152	Redhat	2021-10-09 20:19:50+00	2021-10-09 20:19:50+00
153	Redis	2021-10-09 20:19:50+00	2021-10-09 20:19:50+00
154	Redmine	2021-10-09 20:19:50+00	2021-10-09 20:19:50+00
155	Redux	2021-10-09 20:19:50+00	2021-10-09 20:19:50+00
156	Regex	2021-10-09 20:19:50+00	2021-10-09 20:19:50+00
157	Rest	2021-10-09 20:19:50+00	2021-10-09 20:19:50+00
158	Riak	2021-10-09 20:19:50+00	2021-10-09 20:19:50+00
159	RnD	2021-10-09 20:19:50+00	2021-10-09 20:19:50+00
160	Rspec	2021-10-09 20:19:50+00	2021-10-09 20:19:50+00
161	Ruby	2021-10-09 20:19:50+00	2021-10-09 20:19:50+00
162	Rust	2021-10-09 20:19:50+00	2021-10-09 20:19:50+00
163	RxJava 2	2021-10-09 20:19:50+00	2021-10-09 20:19:50+00
164	Siemens NX	2021-10-09 20:19:50+00	2021-10-09 20:19:50+00
165	Sonatype Nexus	2021-10-09 20:19:50+00	2021-10-09 20:19:50+00
166	TensorFlow	2021-10-09 20:19:50+00	2021-10-09 20:19:50+00
167	V-ray	2021-10-09 20:19:50+00	2021-10-09 20:19:50+00
168	Vk api	2021-10-09 20:19:50+00	2021-10-09 20:19:50+00
169	Vue.js	2021-10-09 20:19:50+00	2021-10-09 20:19:50+00
170	acunetix	2021-10-09 20:19:50+00	2021-10-09 20:19:50+00
171	aiohttp	2021-10-09 20:19:50+00	2021-10-09 20:19:50+00
172	gRPC	2021-10-09 20:19:50+00	2021-10-09 20:19:50+00
173	git-flow	2021-10-09 20:19:50+00	2021-10-09 20:19:50+00
\.


--
-- Data for Name: TaskSkills; Type: TABLE DATA; Schema: public; Owner: dnedtjrx
--

COPY public."TaskSkills" ("skillId", "taskId", "createdAt", "updatedAt") FROM stdin;
54	206	2021-10-09 15:07:07.334857+00	2021-10-09 15:07:16.340724+00
107	206	2021-10-09 15:07:07.334857+00	2021-10-09 15:07:16.340724+00
102	206	2021-10-09 15:07:07.334857+00	2021-10-09 15:07:16.340724+00
120	206	2021-10-09 15:07:07.334857+00	2021-10-09 15:07:16.340724+00
122	206	2021-10-09 15:07:07.334857+00	2021-10-09 15:07:16.340724+00
60	207	2021-10-09 15:07:07.334857+00	2021-10-09 15:07:16.340724+00
57	207	2021-10-09 15:07:07.334857+00	2021-10-09 15:07:16.340724+00
134	208	2021-10-09 15:07:07.334857+00	2021-10-09 15:07:16.340724+00
13	208	2021-10-09 15:07:07.334857+00	2021-10-09 15:07:16.340724+00
48	208	2021-10-09 15:07:07.334857+00	2021-10-09 15:07:16.340724+00
79	208	2021-10-09 15:07:07.334857+00	2021-10-09 15:07:16.340724+00
43	209	2021-10-09 15:07:07.334857+00	2021-10-09 15:07:16.340724+00
98	209	2021-10-09 15:07:07.334857+00	2021-10-09 15:07:16.340724+00
112	209	2021-10-09 15:07:07.334857+00	2021-10-09 15:07:16.340724+00
136	210	2021-10-09 15:07:07.334857+00	2021-10-09 15:07:16.340724+00
9	210	2021-10-09 15:07:07.334857+00	2021-10-09 15:07:16.340724+00
165	210	2021-10-09 15:07:07.334857+00	2021-10-09 15:07:16.340724+00
47	210	2021-10-09 15:07:07.334857+00	2021-10-09 15:07:16.340724+00
153	210	2021-10-09 15:07:07.334857+00	2021-10-09 15:07:16.340724+00
131	211	2021-10-09 15:07:07.334857+00	2021-10-09 15:07:16.340724+00
91	211	2021-10-09 15:07:07.334857+00	2021-10-09 15:07:16.340724+00
4	211	2021-10-09 15:07:07.334857+00	2021-10-09 15:07:16.340724+00
54	212	2021-10-09 15:07:07.334857+00	2021-10-09 15:07:16.340724+00
50	212	2021-10-09 15:07:07.334857+00	2021-10-09 15:07:16.340724+00
113	213	2021-10-09 15:07:07.334857+00	2021-10-09 15:07:16.340724+00
135	213	2021-10-09 15:07:07.334857+00	2021-10-09 15:07:16.340724+00
73	213	2021-10-09 15:07:07.334857+00	2021-10-09 15:07:16.340724+00
166	213	2021-10-09 15:07:07.334857+00	2021-10-09 15:07:16.340724+00
126	213	2021-10-09 15:07:07.334857+00	2021-10-09 15:07:16.340724+00
86	214	2021-10-09 15:07:07.334857+00	2021-10-09 15:07:16.340724+00
146	215	2021-10-09 15:07:07.334857+00	2021-10-09 15:07:16.340724+00
88	216	2021-10-09 15:07:07.334857+00	2021-10-09 15:07:16.340724+00
119	216	2021-10-09 15:07:07.334857+00	2021-10-09 15:07:16.340724+00
103	216	2021-10-09 15:07:07.334857+00	2021-10-09 15:07:16.340724+00
28	216	2021-10-09 15:07:07.334857+00	2021-10-09 15:07:16.340724+00
161	217	2021-10-09 15:07:07.334857+00	2021-10-09 15:07:16.340724+00
18	217	2021-10-09 15:07:07.334857+00	2021-10-09 15:07:16.340724+00
65	217	2021-10-09 15:07:07.334857+00	2021-10-09 15:07:16.340724+00
121	217	2021-10-09 15:07:07.334857+00	2021-10-09 15:07:16.340724+00
44	217	2021-10-09 15:07:07.334857+00	2021-10-09 15:07:16.340724+00
102	218	2021-10-09 15:07:07.334857+00	2021-10-09 15:07:16.340724+00
145	219	2021-10-09 15:07:07.334857+00	2021-10-09 15:07:16.340724+00
163	219	2021-10-09 15:07:07.334857+00	2021-10-09 15:07:16.340724+00
31	219	2021-10-09 15:07:07.334857+00	2021-10-09 15:07:16.340724+00
40	219	2021-10-09 15:07:07.334857+00	2021-10-09 15:07:16.340724+00
29	220	2021-10-09 15:07:07.334857+00	2021-10-09 15:07:16.340724+00
70	220	2021-10-09 15:07:07.334857+00	2021-10-09 15:07:16.340724+00
4	220	2021-10-09 15:07:07.334857+00	2021-10-09 15:07:16.340724+00
74	220	2021-10-09 15:07:07.334857+00	2021-10-09 15:07:16.340724+00
71	221	2021-10-09 15:07:07.334857+00	2021-10-09 15:07:16.340724+00
102	221	2021-10-09 15:07:07.334857+00	2021-10-09 15:07:16.340724+00
122	222	2021-10-09 15:07:07.334857+00	2021-10-09 15:07:16.340724+00
151	222	2021-10-09 15:07:07.334857+00	2021-10-09 15:07:16.340724+00
71	222	2021-10-09 15:07:07.334857+00	2021-10-09 15:07:16.340724+00
28	222	2021-10-09 15:07:07.334857+00	2021-10-09 15:07:16.340724+00
48	223	2021-10-09 15:07:07.334857+00	2021-10-09 15:07:16.340724+00
60	223	2021-10-09 15:07:07.334857+00	2021-10-09 15:07:16.340724+00
150	223	2021-10-09 15:07:07.334857+00	2021-10-09 15:07:16.340724+00
162	223	2021-10-09 15:07:07.334857+00	2021-10-09 15:07:16.340724+00
50	223	2021-10-09 15:07:07.334857+00	2021-10-09 15:07:16.340724+00
38	224	2021-10-09 15:07:07.334857+00	2021-10-09 15:07:16.340724+00
160	224	2021-10-09 15:07:07.334857+00	2021-10-09 15:07:16.340724+00
126	225	2021-10-09 15:07:07.334857+00	2021-10-09 15:07:16.340724+00
155	226	2021-10-09 15:07:07.334857+00	2021-10-09 15:07:16.340724+00
67	226	2021-10-09 15:07:07.334857+00	2021-10-09 15:07:16.340724+00
166	226	2021-10-09 15:07:07.334857+00	2021-10-09 15:07:16.340724+00
54	226	2021-10-09 15:07:07.334857+00	2021-10-09 15:07:16.340724+00
11	227	2021-10-09 15:07:07.334857+00	2021-10-09 15:07:16.340724+00
117	227	2021-10-09 15:07:07.334857+00	2021-10-09 15:07:16.340724+00
158	227	2021-10-09 15:07:07.334857+00	2021-10-09 15:07:16.340724+00
69	227	2021-10-09 15:07:07.334857+00	2021-10-09 15:07:16.340724+00
79	227	2021-10-09 15:07:07.334857+00	2021-10-09 15:07:16.340724+00
96	228	2021-10-09 15:07:07.334857+00	2021-10-09 15:07:16.340724+00
172	228	2021-10-09 15:07:07.334857+00	2021-10-09 15:07:16.340724+00
139	229	2021-10-09 15:07:07.334857+00	2021-10-09 15:07:16.340724+00
160	229	2021-10-09 15:07:07.334857+00	2021-10-09 15:07:16.340724+00
123	230	2021-10-09 15:07:07.334857+00	2021-10-09 15:07:16.340724+00
97	230	2021-10-09 15:07:07.334857+00	2021-10-09 15:07:16.340724+00
16	230	2021-10-09 15:07:07.334857+00	2021-10-09 15:07:16.340724+00
52	230	2021-10-09 15:07:07.334857+00	2021-10-09 15:07:16.340724+00
134	230	2021-10-09 15:07:07.334857+00	2021-10-09 15:07:16.340724+00
120	231	2021-10-09 15:07:07.334857+00	2021-10-09 15:07:16.340724+00
158	231	2021-10-09 15:07:07.334857+00	2021-10-09 15:07:16.340724+00
76	231	2021-10-09 15:07:07.334857+00	2021-10-09 15:07:16.340724+00
61	231	2021-10-09 15:07:07.334857+00	2021-10-09 15:07:16.340724+00
16	232	2021-10-09 15:07:07.334857+00	2021-10-09 15:07:16.340724+00
166	233	2021-10-09 15:07:07.334857+00	2021-10-09 15:07:16.340724+00
47	233	2021-10-09 15:07:07.334857+00	2021-10-09 15:07:16.340724+00
110	233	2021-10-09 15:07:07.334857+00	2021-10-09 15:07:16.340724+00
107	234	2021-10-09 15:07:07.334857+00	2021-10-09 15:07:16.340724+00
92	234	2021-10-09 15:07:07.334857+00	2021-10-09 15:07:16.340724+00
28	234	2021-10-09 15:07:07.334857+00	2021-10-09 15:07:16.340724+00
18	234	2021-10-09 15:07:07.334857+00	2021-10-09 15:07:16.340724+00
50	235	2021-10-09 15:07:07.334857+00	2021-10-09 15:07:16.340724+00
163	235	2021-10-09 15:07:07.334857+00	2021-10-09 15:07:16.340724+00
11	236	2021-10-09 15:07:07.334857+00	2021-10-09 15:07:16.340724+00
16	236	2021-10-09 15:07:07.334857+00	2021-10-09 15:07:16.340724+00
139	236	2021-10-09 15:07:07.334857+00	2021-10-09 15:07:16.340724+00
95	237	2021-10-09 15:07:07.334857+00	2021-10-09 15:07:16.340724+00
44	238	2021-10-09 15:07:07.334857+00	2021-10-09 15:07:16.340724+00
94	239	2021-10-09 15:07:07.334857+00	2021-10-09 15:07:16.340724+00
76	239	2021-10-09 15:07:07.334857+00	2021-10-09 15:07:16.340724+00
156	239	2021-10-09 15:07:07.334857+00	2021-10-09 15:07:16.340724+00
154	239	2021-10-09 15:07:07.334857+00	2021-10-09 15:07:16.340724+00
62	239	2021-10-09 15:07:07.334857+00	2021-10-09 15:07:16.340724+00
67	240	2021-10-09 15:07:07.334857+00	2021-10-09 15:07:16.340724+00
123	240	2021-10-09 15:07:07.334857+00	2021-10-09 15:07:16.340724+00
73	240	2021-10-09 15:07:07.334857+00	2021-10-09 15:07:16.340724+00
133	241	2021-10-09 15:07:07.334857+00	2021-10-09 15:07:16.340724+00
107	241	2021-10-09 15:07:07.334857+00	2021-10-09 15:07:16.340724+00
33	242	2021-10-09 15:07:07.334857+00	2021-10-09 15:07:16.340724+00
47	242	2021-10-09 15:07:07.334857+00	2021-10-09 15:07:16.340724+00
106	243	2021-10-09 15:07:07.334857+00	2021-10-09 15:07:16.340724+00
101	243	2021-10-09 15:07:07.334857+00	2021-10-09 15:07:16.340724+00
47	243	2021-10-09 15:07:07.334857+00	2021-10-09 15:07:16.340724+00
107	244	2021-10-09 15:07:07.334857+00	2021-10-09 15:07:16.340724+00
14	244	2021-10-09 15:07:07.334857+00	2021-10-09 15:07:16.340724+00
81	244	2021-10-09 15:07:07.334857+00	2021-10-09 15:07:16.340724+00
30	244	2021-10-09 15:07:07.334857+00	2021-10-09 15:07:16.340724+00
16	245	2021-10-09 15:07:07.334857+00	2021-10-09 15:07:16.340724+00
52	245	2021-10-09 15:07:07.334857+00	2021-10-09 15:07:16.340724+00
103	245	2021-10-09 15:07:07.334857+00	2021-10-09 15:07:16.340724+00
9	246	2021-10-09 15:07:07.334857+00	2021-10-09 15:07:16.340724+00
50	246	2021-10-09 15:07:07.334857+00	2021-10-09 15:07:16.340724+00
70	246	2021-10-09 15:07:07.334857+00	2021-10-09 15:07:16.340724+00
105	246	2021-10-09 15:07:07.334857+00	2021-10-09 15:07:16.340724+00
110	246	2021-10-09 15:07:07.334857+00	2021-10-09 15:07:16.340724+00
128	247	2021-10-09 15:07:07.334857+00	2021-10-09 15:07:16.340724+00
110	247	2021-10-09 15:07:07.334857+00	2021-10-09 15:07:16.340724+00
30	247	2021-10-09 15:07:07.334857+00	2021-10-09 15:07:16.340724+00
88	248	2021-10-09 15:07:07.334857+00	2021-10-09 15:07:16.340724+00
9	248	2021-10-09 15:07:07.334857+00	2021-10-09 15:07:16.340724+00
49	249	2021-10-09 15:07:07.334857+00	2021-10-09 15:07:16.340724+00
4	249	2021-10-09 15:07:07.334857+00	2021-10-09 15:07:16.340724+00
163	249	2021-10-09 15:07:07.334857+00	2021-10-09 15:07:16.340724+00
120	249	2021-10-09 15:07:07.334857+00	2021-10-09 15:07:16.340724+00
170	249	2021-10-09 15:07:07.334857+00	2021-10-09 15:07:16.340724+00
133	250	2021-10-09 15:07:07.334857+00	2021-10-09 15:07:16.340724+00
90	250	2021-10-09 15:07:07.334857+00	2021-10-09 15:07:16.340724+00
45	251	2021-10-09 15:07:07.334857+00	2021-10-09 15:07:16.340724+00
75	251	2021-10-09 15:07:07.334857+00	2021-10-09 15:07:16.340724+00
164	251	2021-10-09 15:07:07.334857+00	2021-10-09 15:07:16.340724+00
49	251	2021-10-09 15:07:07.334857+00	2021-10-09 15:07:16.340724+00
127	252	2021-10-09 15:07:07.334857+00	2021-10-09 15:07:16.340724+00
30	252	2021-10-09 15:07:07.334857+00	2021-10-09 15:07:16.340724+00
144	252	2021-10-09 15:07:07.334857+00	2021-10-09 15:07:16.340724+00
109	252	2021-10-09 15:07:07.334857+00	2021-10-09 15:07:16.340724+00
76	253	2021-10-09 15:07:07.334857+00	2021-10-09 15:07:16.340724+00
60	253	2021-10-09 15:07:07.334857+00	2021-10-09 15:07:16.340724+00
115	253	2021-10-09 15:07:07.334857+00	2021-10-09 15:07:16.340724+00
42	253	2021-10-09 15:07:07.334857+00	2021-10-09 15:07:16.340724+00
72	254	2021-10-09 15:07:07.334857+00	2021-10-09 15:07:16.340724+00
115	254	2021-10-09 15:07:07.334857+00	2021-10-09 15:07:16.340724+00
150	255	2021-10-09 15:07:07.334857+00	2021-10-09 15:07:16.340724+00
111	256	2021-10-09 15:07:07.334857+00	2021-10-09 15:07:16.340724+00
98	256	2021-10-09 15:07:07.334857+00	2021-10-09 15:07:16.340724+00
165	256	2021-10-09 15:07:07.334857+00	2021-10-09 15:07:16.340724+00
14	256	2021-10-09 15:07:07.334857+00	2021-10-09 15:07:16.340724+00
151	256	2021-10-09 15:07:07.334857+00	2021-10-09 15:07:16.340724+00
120	257	2021-10-09 15:07:07.334857+00	2021-10-09 15:07:16.340724+00
74	257	2021-10-09 15:07:07.334857+00	2021-10-09 15:07:16.340724+00
128	258	2021-10-09 15:07:07.334857+00	2021-10-09 15:07:16.340724+00
53	258	2021-10-09 15:07:07.334857+00	2021-10-09 15:07:16.340724+00
95	258	2021-10-09 15:07:07.334857+00	2021-10-09 15:07:16.340724+00
67	258	2021-10-09 15:07:07.334857+00	2021-10-09 15:07:16.340724+00
59	258	2021-10-09 15:07:07.334857+00	2021-10-09 15:07:16.340724+00
128	259	2021-10-09 15:07:07.334857+00	2021-10-09 15:07:16.340724+00
91	259	2021-10-09 15:07:07.334857+00	2021-10-09 15:07:16.340724+00
45	259	2021-10-09 15:07:07.334857+00	2021-10-09 15:07:16.340724+00
163	260	2021-10-09 15:07:07.334857+00	2021-10-09 15:07:16.340724+00
87	260	2021-10-09 15:07:07.334857+00	2021-10-09 15:07:16.340724+00
153	260	2021-10-09 15:07:07.334857+00	2021-10-09 15:07:16.340724+00
4	260	2021-10-09 15:07:07.334857+00	2021-10-09 15:07:16.340724+00
11	260	2021-10-09 15:07:07.334857+00	2021-10-09 15:07:16.340724+00
80	261	2021-10-09 15:07:07.334857+00	2021-10-09 15:07:16.340724+00
87	261	2021-10-09 15:07:07.334857+00	2021-10-09 15:07:16.340724+00
11	261	2021-10-09 15:07:07.334857+00	2021-10-09 15:07:16.340724+00
139	261	2021-10-09 15:07:07.334857+00	2021-10-09 15:07:16.340724+00
11	262	2021-10-09 15:07:07.334857+00	2021-10-09 15:07:16.340724+00
8	262	2021-10-09 15:07:07.334857+00	2021-10-09 15:07:16.340724+00
56	262	2021-10-09 15:07:07.334857+00	2021-10-09 15:07:16.340724+00
157	263	2021-10-09 15:07:07.334857+00	2021-10-09 15:07:16.340724+00
73	263	2021-10-09 15:07:07.334857+00	2021-10-09 15:07:16.340724+00
25	264	2021-10-09 15:07:07.334857+00	2021-10-09 15:07:16.340724+00
134	265	2021-10-09 15:07:07.334857+00	2021-10-09 15:07:16.340724+00
128	265	2021-10-09 15:07:07.334857+00	2021-10-09 15:07:16.340724+00
43	265	2021-10-09 15:07:07.334857+00	2021-10-09 15:07:16.340724+00
16	265	2021-10-09 15:07:07.334857+00	2021-10-09 15:07:16.340724+00
19	266	2021-10-09 15:07:07.334857+00	2021-10-09 15:07:16.340724+00
152	266	2021-10-09 15:07:07.334857+00	2021-10-09 15:07:16.340724+00
132	266	2021-10-09 15:07:07.334857+00	2021-10-09 15:07:16.340724+00
150	267	2021-10-09 15:07:07.334857+00	2021-10-09 15:07:16.340724+00
49	267	2021-10-09 15:07:07.334857+00	2021-10-09 15:07:16.340724+00
44	268	2021-10-09 15:07:07.334857+00	2021-10-09 15:07:16.340724+00
26	268	2021-10-09 15:07:07.334857+00	2021-10-09 15:07:16.340724+00
3	268	2021-10-09 15:07:07.334857+00	2021-10-09 15:07:16.340724+00
101	268	2021-10-09 15:07:07.334857+00	2021-10-09 15:07:16.340724+00
86	268	2021-10-09 15:07:07.334857+00	2021-10-09 15:07:16.340724+00
164	269	2021-10-09 15:07:07.334857+00	2021-10-09 15:07:16.340724+00
80	269	2021-10-09 15:07:07.334857+00	2021-10-09 15:07:16.340724+00
111	269	2021-10-09 15:07:07.334857+00	2021-10-09 15:07:16.340724+00
142	269	2021-10-09 15:07:07.334857+00	2021-10-09 15:07:16.340724+00
71	269	2021-10-09 15:07:07.334857+00	2021-10-09 15:07:16.340724+00
61	270	2021-10-09 15:07:07.334857+00	2021-10-09 15:07:16.340724+00
21	271	2021-10-09 15:07:07.334857+00	2021-10-09 15:07:16.340724+00
101	272	2021-10-09 15:07:07.334857+00	2021-10-09 15:07:16.340724+00
139	272	2021-10-09 15:07:07.334857+00	2021-10-09 15:07:16.340724+00
127	273	2021-10-09 15:07:07.334857+00	2021-10-09 15:07:16.340724+00
148	273	2021-10-09 15:07:07.334857+00	2021-10-09 15:07:16.340724+00
14	274	2021-10-09 15:07:07.334857+00	2021-10-09 15:07:16.340724+00
65	274	2021-10-09 15:07:07.334857+00	2021-10-09 15:07:16.340724+00
102	274	2021-10-09 15:07:07.334857+00	2021-10-09 15:07:16.340724+00
125	274	2021-10-09 15:07:07.334857+00	2021-10-09 15:07:16.340724+00
16	274	2021-10-09 15:07:07.334857+00	2021-10-09 15:07:16.340724+00
94	275	2021-10-09 15:07:07.334857+00	2021-10-09 15:07:16.340724+00
169	275	2021-10-09 15:07:07.334857+00	2021-10-09 15:07:16.340724+00
131	275	2021-10-09 15:07:07.334857+00	2021-10-09 15:07:16.340724+00
144	275	2021-10-09 15:07:07.334857+00	2021-10-09 15:07:16.340724+00
23	275	2021-10-09 15:07:07.334857+00	2021-10-09 15:07:16.340724+00
47	276	2021-10-09 15:07:07.334857+00	2021-10-09 15:07:16.340724+00
146	276	2021-10-09 15:07:07.334857+00	2021-10-09 15:07:16.340724+00
96	277	2021-10-09 15:07:07.334857+00	2021-10-09 15:07:16.340724+00
158	277	2021-10-09 15:07:07.334857+00	2021-10-09 15:07:16.340724+00
19	278	2021-10-09 15:07:07.334857+00	2021-10-09 15:07:16.340724+00
155	278	2021-10-09 15:07:07.334857+00	2021-10-09 15:07:16.340724+00
69	278	2021-10-09 15:07:07.334857+00	2021-10-09 15:07:16.340724+00
153	278	2021-10-09 15:07:07.334857+00	2021-10-09 15:07:16.340724+00
156	279	2021-10-09 15:07:07.334857+00	2021-10-09 15:07:16.340724+00
31	280	2021-10-09 15:07:07.334857+00	2021-10-09 15:07:16.340724+00
84	280	2021-10-09 15:07:07.334857+00	2021-10-09 15:07:16.340724+00
74	280	2021-10-09 15:07:07.334857+00	2021-10-09 15:07:16.340724+00
81	280	2021-10-09 15:07:07.334857+00	2021-10-09 15:07:16.340724+00
141	281	2021-10-09 15:07:07.334857+00	2021-10-09 15:07:16.340724+00
162	281	2021-10-09 15:07:07.334857+00	2021-10-09 15:07:16.340724+00
49	281	2021-10-09 15:07:07.334857+00	2021-10-09 15:07:16.340724+00
64	282	2021-10-09 15:07:07.334857+00	2021-10-09 15:07:16.340724+00
115	282	2021-10-09 15:07:07.334857+00	2021-10-09 15:07:16.340724+00
8	282	2021-10-09 15:07:07.334857+00	2021-10-09 15:07:16.340724+00
4	282	2021-10-09 15:07:07.334857+00	2021-10-09 15:07:16.340724+00
126	282	2021-10-09 15:07:07.334857+00	2021-10-09 15:07:16.340724+00
35	283	2021-10-09 15:07:07.334857+00	2021-10-09 15:07:16.340724+00
97	284	2021-10-09 15:07:07.334857+00	2021-10-09 15:07:16.340724+00
43	284	2021-10-09 15:07:07.334857+00	2021-10-09 15:07:16.340724+00
116	284	2021-10-09 15:07:07.334857+00	2021-10-09 15:07:16.340724+00
138	284	2021-10-09 15:07:07.334857+00	2021-10-09 15:07:16.340724+00
87	285	2021-10-09 15:07:07.334857+00	2021-10-09 15:07:16.340724+00
4	285	2021-10-09 15:07:07.334857+00	2021-10-09 15:07:16.340724+00
86	285	2021-10-09 15:07:07.334857+00	2021-10-09 15:07:16.340724+00
166	286	2021-10-09 15:07:07.334857+00	2021-10-09 15:07:16.340724+00
40	286	2021-10-09 15:07:07.334857+00	2021-10-09 15:07:16.340724+00
42	286	2021-10-09 15:07:07.334857+00	2021-10-09 15:07:16.340724+00
128	287	2021-10-09 15:07:07.334857+00	2021-10-09 15:07:16.340724+00
139	287	2021-10-09 15:07:07.334857+00	2021-10-09 15:07:16.340724+00
73	288	2021-10-09 15:07:07.334857+00	2021-10-09 15:07:16.340724+00
93	288	2021-10-09 15:07:07.334857+00	2021-10-09 15:07:16.340724+00
62	288	2021-10-09 15:07:07.334857+00	2021-10-09 15:07:16.340724+00
150	288	2021-10-09 15:07:07.334857+00	2021-10-09 15:07:16.340724+00
66	288	2021-10-09 15:07:07.334857+00	2021-10-09 15:07:16.340724+00
170	289	2021-10-09 15:07:07.334857+00	2021-10-09 15:07:16.340724+00
23	289	2021-10-09 15:07:07.334857+00	2021-10-09 15:07:16.340724+00
129	289	2021-10-09 15:07:07.334857+00	2021-10-09 15:07:16.340724+00
130	290	2021-10-09 15:07:07.334857+00	2021-10-09 15:07:16.340724+00
95	290	2021-10-09 15:07:07.334857+00	2021-10-09 15:07:16.340724+00
96	290	2021-10-09 15:07:07.334857+00	2021-10-09 15:07:16.340724+00
13	290	2021-10-09 15:07:07.334857+00	2021-10-09 15:07:16.340724+00
162	291	2021-10-09 15:07:07.334857+00	2021-10-09 15:07:16.340724+00
136	291	2021-10-09 15:07:07.334857+00	2021-10-09 15:07:16.340724+00
4	291	2021-10-09 15:07:07.334857+00	2021-10-09 15:07:16.340724+00
90	291	2021-10-09 15:07:07.334857+00	2021-10-09 15:07:16.340724+00
142	292	2021-10-09 15:07:07.334857+00	2021-10-09 15:07:16.340724+00
46	292	2021-10-09 15:07:07.334857+00	2021-10-09 15:07:16.340724+00
103	292	2021-10-09 15:07:07.334857+00	2021-10-09 15:07:16.340724+00
141	292	2021-10-09 15:07:07.334857+00	2021-10-09 15:07:16.340724+00
105	293	2021-10-09 15:07:07.334857+00	2021-10-09 15:07:16.340724+00
152	294	2021-10-09 15:07:07.334857+00	2021-10-09 15:07:16.340724+00
155	294	2021-10-09 15:07:07.334857+00	2021-10-09 15:07:16.340724+00
108	295	2021-10-09 15:07:07.334857+00	2021-10-09 15:07:16.340724+00
166	295	2021-10-09 15:07:07.334857+00	2021-10-09 15:07:16.340724+00
137	295	2021-10-09 15:07:07.334857+00	2021-10-09 15:07:16.340724+00
132	295	2021-10-09 15:07:07.334857+00	2021-10-09 15:07:16.340724+00
105	296	2021-10-09 15:07:07.334857+00	2021-10-09 15:07:16.340724+00
170	296	2021-10-09 15:07:07.334857+00	2021-10-09 15:07:16.340724+00
26	297	2021-10-09 15:07:07.334857+00	2021-10-09 15:07:16.340724+00
11	297	2021-10-09 15:07:07.334857+00	2021-10-09 15:07:16.340724+00
132	297	2021-10-09 15:07:07.334857+00	2021-10-09 15:07:16.340724+00
64	297	2021-10-09 15:07:07.334857+00	2021-10-09 15:07:16.340724+00
6	298	2021-10-09 15:07:07.334857+00	2021-10-09 15:07:16.340724+00
117	298	2021-10-09 15:07:07.334857+00	2021-10-09 15:07:16.340724+00
50	298	2021-10-09 15:07:07.334857+00	2021-10-09 15:07:16.340724+00
138	298	2021-10-09 15:07:07.334857+00	2021-10-09 15:07:16.340724+00
173	299	2021-10-09 15:07:07.334857+00	2021-10-09 15:07:16.340724+00
3	299	2021-10-09 15:07:07.334857+00	2021-10-09 15:07:16.340724+00
136	299	2021-10-09 15:07:07.334857+00	2021-10-09 15:07:16.340724+00
162	299	2021-10-09 15:07:07.334857+00	2021-10-09 15:07:16.340724+00
91	299	2021-10-09 15:07:07.334857+00	2021-10-09 15:07:16.340724+00
138	300	2021-10-09 15:07:07.334857+00	2021-10-09 15:07:16.340724+00
90	300	2021-10-09 15:07:07.334857+00	2021-10-09 15:07:16.340724+00
119	300	2021-10-09 15:07:07.334857+00	2021-10-09 15:07:16.340724+00
48	300	2021-10-09 15:07:07.334857+00	2021-10-09 15:07:16.340724+00
100	300	2021-10-09 15:07:07.334857+00	2021-10-09 15:07:16.340724+00
93	301	2021-10-09 15:07:07.334857+00	2021-10-09 15:07:16.340724+00
139	301	2021-10-09 15:07:07.334857+00	2021-10-09 15:07:16.340724+00
65	301	2021-10-09 15:07:07.334857+00	2021-10-09 15:07:16.340724+00
57	301	2021-10-09 15:07:07.334857+00	2021-10-09 15:07:16.340724+00
80	302	2021-10-09 15:07:07.334857+00	2021-10-09 15:07:16.340724+00
62	302	2021-10-09 15:07:07.334857+00	2021-10-09 15:07:16.340724+00
16	302	2021-10-09 15:07:07.334857+00	2021-10-09 15:07:16.340724+00
44	303	2021-10-09 15:07:07.334857+00	2021-10-09 15:07:16.340724+00
144	304	2021-10-09 15:07:07.334857+00	2021-10-09 15:07:16.340724+00
84	304	2021-10-09 15:07:07.334857+00	2021-10-09 15:07:16.340724+00
135	304	2021-10-09 15:07:07.334857+00	2021-10-09 15:07:16.340724+00
141	304	2021-10-09 15:07:07.334857+00	2021-10-09 15:07:16.340724+00
149	305	2021-10-09 15:07:07.334857+00	2021-10-09 15:07:16.340724+00
66	305	2021-10-09 15:07:07.334857+00	2021-10-09 15:07:16.340724+00
48	305	2021-10-09 15:07:07.334857+00	2021-10-09 15:07:16.340724+00
40	305	2021-10-09 15:07:07.334857+00	2021-10-09 15:07:16.340724+00
13	305	2021-10-09 15:07:07.334857+00	2021-10-09 15:07:16.340724+00
\.


--
-- Data for Name: Tasks; Type: TABLE DATA; Schema: public; Owner: dnedtjrx
--

COPY public."Tasks" (id, "ownerId", "selectedApplicantId", name, description, price, link, duration, "dueDate", weight, status, views, "createdAt", "updatedAt") FROM stdin;
217	269	\N	Большой Бетонный Кулон	Необходимо перезагрузить оптический ХЗ механизм сигнализации. ADP интерфейс недоступен, требуется запрограммировать цифровой код, чтобы мы могли синтезировать JSON интерфейс. Я планирую переопределить онлайн HTTP механизм сигнализации, это должно помочь индексировать PNG передатчик. обход не работает, попробуйте распарсить твердотельный RSS конденсатор. Вы не можете разобрать пиксель, требуется передача или программирование.	48000.00	/System/missioncritical.gph.aso	10	2021-10-31	25	created	65	2021-10-09 21:38:45+00	2021-10-09 21:38:45+00
226	293	\N	Свободный Пластиковый Сабо	Необходимо соединить излишний ИИ ключ. Вы не можете синтезировать ограничитель, требуется шифрование или вычисление. Чтобы соединить блок разведения, мы можем получить СУБД брандмауэр через вспомогательный ХЗ массив. Чтобы перезагрузить парсер, мы можем получить ОЗУ брандмауэр через нейронный JSON парсер. Необходимо запрограммировать 1080-пиксельный ИИ монитор.	38000.00	/var/yp/globaladp.irm.t	26	2021-12-05	85	created	254	2021-10-09 21:38:45+00	2021-10-09 21:38:45+00
237	286	\N	Невероятный Хлопковый Носки	Необходимо экспортировать мобильный Гб конденсатор. ИИ протокол недоступен, требуется генерировать оптический драйвер, чтобы мы могли передать PCI оператор. Используйте онлайн JSON парсер, для того чтобы квантифицировать сенсорный сокет. Попробуйте распарсить HTTP массив, возможно это позволит обойти цифровой протокол. Используйте кросс-платформенный ADP монитор, для того чтобы квантифицировать беспроводной передатчик.	39000.00	/net/.kne.mcd	11	2022-01-14	35	created	399	2021-10-09 21:38:45+00	2021-10-09 21:38:45+00
241	236	\N	Невероятный Хлопковый Компьютер	RSS пиксель недоступен, требуется вычислить излишний монитор, чтобы мы могли квантифицировать HTTP парсер. Я планирую индексировать многобайтный RSS сенсор, это должно помочь вычислить БИОС оператор. Используйте мобильный ADP механизм сигнализации, для того чтобы квантифицировать внутренний кортеж. НМЖД монитор недоступен, требуется копировать вспомогательный ограничитель, чтобы мы могли перезагрузить AGP порт. Я планирую разобрать 1080-пиксельный ЭВМ интерфейс, это должно помочь синтезировать AGP передатчик.	14500.00	/var/log/.xlsm.uri	20	2022-01-08	85	created	219	2021-10-09 21:38:45+00	2021-10-09 21:38:45+00
244	216	\N	Невероятный Меховой Кошелек	Используйте внутренний ADP конденсатор, для того чтобы зашифровать кросс-платформенный порт. Попробуйте распарсить USB передатчик, возможно это позволит генерировать нейронный монитор. Попробуйте распарсить Гб порт, возможно это позволит передать виртуальный ключ. Используйте многобайтный ОС передатчик, для того чтобы переопределить нейронный сенсор. ОС конденсатор недоступен, требуется импортировать мобильный поглотитель, чтобы мы могли ввести EXE парсер.	32500.00	/etc/ppp/6thfranc.sgml.kwt	8	2021-10-11	15	created	70	2021-10-09 21:38:45+00	2021-10-09 21:38:45+00
245	242	\N	Интеллектуальный Натуральный Куртка	Попробуйте зашифровать SMS кортеж, возможно это позволит индексировать кросс-платформенный монитор. Попробуйте переопределить ИИ монитор, возможно это позволит соединить твердотельный сокет. Вы не можете ввести интерфейс, требуется обход или программирование. Вы не можете генерировать сокет, требуется скачивание или индексирование. Я планирую сжать внутренний ОС ключ, это должно помочь обойти EXE ключ.	49000.00	/usr/src/borderspersonal.nc.dna	8	2021-12-20	5	offered	54	2021-10-09 21:38:45+00	2021-10-09 21:38:45+00
250	299	\N	Потрясающий Бетонный Клатч	Используйте сенсорный НМЖД ограничитель, для того чтобы квантифицировать сенсорный сокет. Вы не можете копировать продукт, требуется скачивание или соединение. синтез не работает, попробуйте индексировать оптический ПО массив. Я планирую перезагрузить онлайн ЭВМ микрочип, это должно помочь зашифровать ОС монитор. Вы не можете передать ограничитель, требуется генерация или синтез.	30500.00	/root/.wks.omdoc	11	2022-01-18	70	created	730	2021-10-09 21:38:45+00	2021-10-09 21:38:45+00
252	248	\N	Маленький Гранитный Сабо	Чтобы квантифицировать интерфейс, мы можем получить EXE ключ через твердотельный НМЖД механизм сигнализации. Попробуйте взломать ADP передатчик, возможно это позволит сжать 1080-пиксельный конденсатор. обход не работает, попробуйте запрограммировать внутренний БИОС оператор. Попробуйте зашифровать ИИ монитор, возможно это позволит взломать основной сокет. SSL сенсор недоступен, требуется зашифровать цифровой продукт, чтобы мы могли сохранить JSON механизм сигнализации.	29500.00	/home/user/dir/workforceaccess.clkw.sxd	27	2021-10-14	55	created	174	2021-10-09 21:38:45+00	2021-10-09 21:38:45+00
254	224	\N	Грубый Кожанный Ремень	Попробуйте обойти PCI объект, возможно это позволит распарсить вспомогательный продукт. Используйте беспроводной FTP монитор, для того чтобы соединить вспомогательный микрочип. Вы не можете перезагрузить протокол, требуется программирование или разбор. Необходимо сохранить основной COM механизм сигнализации. SDD драйвер недоступен, требуется синтезировать кросс-платформенный ключ, чтобы мы могли навигировать USB оператор.	45500.00	/usr/include/.dtb.tpt	19	2021-12-13	5	created	852	2021-10-09 21:38:45+00	2021-10-09 21:38:45+00
260	271	\N	Интеллектуальный Гранитный Кулон	Я планирую копировать вспомогательный PNG микрочип, это должно помочь навигировать HTTP пиксель. сжатие не работает, попробуйте соединить кросс-платформенный PNG кортеж. передача не работает, попробуйте экспортировать излишний USB интерфейс. RSS объект недоступен, требуется обойти излишний сокет, чтобы мы могли копировать EXE блок разведения. Вы не можете передать передатчик, требуется резервное копирование или взлом.	29000.00	/var/tmp/.bz2.mathml	7	2021-12-16	25	offered	693	2021-10-09 21:38:45+00	2021-10-09 21:38:45+00
262	300	\N	Практичный Гранитный Свитер	Я планирую генерировать свободно-распростроняемый SDD код, это должно помочь вычислить ПО оператор. Я планирую взломать кросс-платформенный XSS пиксель, это должно помочь соединить ОС микрочип. Вы не можете разобрать поглотитель, требуется скачивание или копирование. Попробуйте вычислить ADP протокол, возможно это позволит генерировать кросс-платформенный интерфейс. Вы не можете обойти продукт, требуется взлом или разбор.	36000.00	/usr/src/payment.pbm.viv	4	2021-10-28	60	offered	113	2021-10-09 21:38:45+00	2021-10-09 21:38:45+00
263	273	\N	Практичный Пластиковый Ножницы	Я планирую генерировать твердотельный Гб код, это должно помочь сохранить CSS код. Используйте твердотельный ПЗУ объект, для того чтобы разобрать мобильный протокол. Необходимо обойти излишний SDD сенсор. CSS ключ недоступен, требуется генерировать оптический протокол, чтобы мы могли навигировать ПЗУ винчестер. Используйте многобайтный FTP сенсор, для того чтобы квантифицировать беспроводной код.	10000.00	/usr/libexec/payment.n-gage.oxps	26	2022-01-10	75	created	977	2021-10-09 21:38:45+00	2021-10-09 21:38:45+00
265	236	\N	Фантастический Натуральный Берет	Гб интерфейс недоступен, требуется переопределить вспомогательный парсер, чтобы мы могли ввести SSL сокет. Я планирую сжать цифровой ADP кортеж, это должно помочь распарсить PCI порт. Необходимо распарсить онлайн СУБД интерфейс. SDD код недоступен, требуется генерировать твердотельный объект, чтобы мы могли импортировать СУБД пиксель. Чтобы сжать винчестер, мы можем получить СУБД драйвер через многобайтный ЭВМ монитор.	30000.00	/usr/src/.sm.stk	21	2021-11-08	45	created	57	2021-10-09 21:38:45+00	2021-10-09 21:38:45+00
274	271	\N	Большой Гранитный Кулон	Используйте основной PNG парсер, для того чтобы разобрать 1080-пиксельный драйвер. Я планирую генерировать сенсорный JSON интерфейс, это должно помочь вычислить AGP порт. Чтобы копировать механизм сигнализации, мы можем получить PNG продукт через основной ЭВМ протокол. ОЗУ брандмауэр недоступен, требуется сжать вспомогательный драйвер, чтобы мы могли экспортировать JSON протокол. Необходимо квантифицировать внутренний XSS кортеж.	1500.00	/usr/libexec/recontextualizehome.gdoc.xlsm	27	2022-01-17	10	created	564	2021-10-09 21:38:45+00	2021-10-09 21:38:45+00
278	214	\N	Потрясающий Деревянный Стул	определение количества не работает, попробуйте вычислить многобайтный AGP драйвер. Необходимо сжать нейронный RSS интерфейс. FTP передатчик недоступен, требуется импортировать многобайтный кортеж, чтобы мы могли зашифровать СУБД продукт. Используйте онлайн ХЗ продукт, для того чтобы переопределить цифровой канал. Вы не можете синтезировать интерфейс, требуется обход или индексирование.	29500.00	/home/.clkw.mbox	9	2021-10-19	15	created	637	2021-10-09 21:38:45+00	2021-10-09 21:38:45+00
279	232	\N	Невероятный Бетонный Кошелек	Чтобы вычислить передатчик, мы можем получить CSS передатчик через сенсорный SMTP код. Необходимо копировать виртуальный ПЗУ продукт. Вы не можете ввести код, требуется генерация или синтез. Необходимо ввести нейронный FTP блок разведения. Гб кортеж недоступен, требуется распарсить беспроводной механизм сигнализации, чтобы мы могли импортировать XML ключ.	37000.00	/root/webenabled.rq.wsdl	4	2021-10-31	90	created	361	2021-10-09 21:38:45+00	2021-10-09 21:38:45+00
281	301	\N	Большой Кожанный Компьютер	Необходимо вычислить свободно-распростроняемый CSS порт. Вы не можете сжать код, требуется навигация или определение количества. определение количества не работает, попробуйте сжать основной FTP объект. Используйте онлайн FTP микрочип, для того чтобы запрограммировать многобайтный винчестер. Вы не можете ввести интерфейс, требуется обход или соединение.	10500.00	/home/user/dir/accountpersonal.mseed.ico	26	2021-11-20	90	offered	470	2021-10-09 21:38:45+00	2021-10-09 21:38:45+00
283	223	\N	Грубый Гранитный Стол	Используйте беспроводной AGP пиксель, для того чтобы зашифровать беспроводной монитор. архивирование не работает, попробуйте навигировать беспроводной HTTP интерфейс. Попробуйте распарсить FTP ограничитель, возможно это позволит взломать внутренний драйвер. Используйте внутренний FTP интерфейс, для того чтобы передать оптический оператор. Вы не можете импортировать сенсор, требуется генерация или соединение.	29500.00	/media/radical.xbd.rpm	14	2021-11-18	85	created	415	2021-10-09 21:38:45+00	2021-10-09 21:38:45+00
285	242	\N	Большой Меховой Берет	Я планирую передать беспроводной ОС объект, это должно помочь копировать USB код. соединение не работает, попробуйте сохранить виртуальный SDD микрочип. Вы не можете сжать блок разведения, требуется разбор или вычисление. Вы не можете соединить ограничитель, требуется резервное копирование или разбор. Я планирую запрограммировать излишний XSS передатчик, это должно помочь запрограммировать JSON код.	26500.00	/selinux/savings.udeb.asc	9	2022-02-02	55	offered	242	2021-10-09 21:38:45+00	2021-10-09 21:38:45+00
286	240	\N	Маленький Гранитный Кошелек	Попробуйте обойти EXE винчестер, возможно это позволит ввести виртуальный порт. индексирование не работает, попробуйте навигировать кросс-платформенный SAS сенсор. Чтобы сохранить продукт, мы можем получить SMS сенсор через излишний PNG продукт. НМЖД интерфейс недоступен, требуется вычислить вспомогательный монитор, чтобы мы могли взломать JSON ограничитель. Попробуйте сжать СУБД сокет, возможно это позволит квантифицировать многобайтный протокол.	19000.00	/home/user/invoice.cif.tsv	19	2021-12-08	5	offered	195	2021-10-09 21:38:45+00	2021-10-09 21:38:45+00
290	277	\N	Невероятный Резиновый Куртка	Я планирую синтезировать внутренний AGP передатчик, это должно помочь навигировать PNG поглотитель. Чтобы импортировать интерфейс, мы можем получить HTTP ограничитель через цифровой SMTP канал. COM порт недоступен, требуется синтезировать излишний протокол, чтобы мы могли сохранить ИИ драйвер. Попробуйте сохранить ИИ микрочип, возможно это позволит копировать многобайтный механизм сигнализации. Необходимо сохранить внутренний PCI канал.	44000.00	/Network/smtp.emma.osfpvg	9	2021-11-29	70	created	460	2021-10-09 21:38:45+00	2021-10-09 21:38:45+00
294	215	\N	Большой Резиновый Компьютер	Я планирую копировать беспроводной XSS массив, это должно помочь передать СУБД протокол. Я планирую копировать 1080-пиксельный XSS брандмауэр, это должно помочь индексировать ХЗ продукт. шифрование не работает, попробуйте обойти нейронный COM поглотитель. Я планирую импортировать беспроводной SMTP интерфейс, это должно помочь импортировать SDD драйвер. Чтобы импортировать конденсатор, мы можем получить XSS интерфейс через нейронный Гб кортеж.	8500.00	/usr/lib/synergies.mng.csh	24	2021-10-20	90	created	17	2021-10-09 21:38:45+00	2021-10-09 21:38:45+00
299	267	\N	Эргономичный Гранитный Кепка	БИОС передатчик недоступен, требуется экспортировать основной брандмауэр, чтобы мы могли ввести JSON конденсатор. НМЖД микрочип недоступен, требуется запрограммировать кросс-платформенный код, чтобы мы могли сжать USB интерфейс. Я планирую квантифицировать беспроводной ОС монитор, это должно помочь импортировать AGP интерфейс. НМЖД канал недоступен, требуется распарсить излишний монитор, чтобы мы могли ввести ОС объект. Попробуйте передать SDD брандмауэр, возможно это позволит сохранить онлайн протокол.	27500.00	/private/var/implementation.dmp.mng	26	2021-11-04	25	offered	26	2021-10-09 21:38:45+00	2021-10-09 21:38:45+00
301	241	\N	Маленький Кожанный Ножницы	ОЗУ кортеж недоступен, требуется соединить свободно-распростроняемый объект, чтобы мы могли зашифровать SDD объект. Я планирую разобрать кросс-платформенный SMTP оператор, это должно помочь навигировать ИИ интерфейс. Необходимо сохранить мобильный FTP кортеж. Вы не можете соединить оператор, требуется передача или обход. Попробуйте квантифицировать PCI поглотитель, возможно это позволит сжать внутренний сокет.	40000.00	/boot/defaults/.stylus.gramps	10	2022-01-11	10	offered	545	2021-10-09 21:38:45+00	2021-10-09 21:38:45+00
206	212	\N	Маленький Гранитный Носки	Вы не можете копировать механизм сигнализации, требуется взлом или скачивание. Вы не можете сжать микрочип, требуется переопределение или разбор. ОС парсер недоступен, требуется копировать онлайн интерфейс, чтобы мы могли сохранить ПО объект. Необходимо экспортировать беспроводной FTP порт. Необходимо запрограммировать онлайн SMTP брандмауэр.	9500.00	/usr/libdata/payment.nnw.uri	16	2021-10-24	25	offered	68	2021-10-09 21:38:45+00	2021-10-09 21:38:45+00
207	250	302	Свободный Бетонный Автомобиль	Используйте онлайн ОС массив, для того чтобы запрограммировать внутренний пиксель. Используйте многобайтный Гб ограничитель, для того чтобы переопределить беспроводной объект. Попробуйте переопределить PNG поглотитель, возможно это позволит импортировать кросс-платформенный продукт. Вы не можете соединить сокет, требуется шифрование или индексирование. Необходимо взломать 1080-пиксельный JSON код.	3500.00	/usr/architecturegeneration.uvvs.jsonml	13	2021-12-27	25	completed	605	2021-10-09 21:38:45+00	2021-10-09 21:38:45+00
211	286	210	Практичный Стальной Сабо	переопределение не работает, попробуйте индексировать оптический SDD оператор. Используйте вспомогательный ПО парсер, для того чтобы разобрать основной интерфейс. Вы не можете обойти интерфейс, требуется скачивание или программирование. НМЖД массив недоступен, требуется сохранить кросс-платформенный микрочип, чтобы мы могли синтезировать ЭВМ сокет. Гб брандмауэр недоступен, требуется зашифровать мобильный сокет, чтобы мы могли сжать HTTP микрочип.	9500.00	/private/withdrawalxmlaccount.xls.midi	20	2021-10-27	55	completed	92	2021-10-09 21:38:45+00	2021-10-09 21:38:45+00
212	221	256	Практичный Хлопковый Майка	ADP винчестер недоступен, требуется генерировать кросс-платформенный кортеж, чтобы мы могли зашифровать НМЖД механизм сигнализации. Вы не можете распарсить сокет, требуется навигация или обход. Чтобы обойти порт, мы можем получить CSS драйвер через цифровой SMTP порт. Попробуйте распарсить БИОС массив, возможно это позволит импортировать онлайн поглотитель. Попробуйте переопределить SSL сокет, возможно это позволит импортировать оптический порт.	31500.00	/home/user/.skd.pic	4	2021-11-19	35	assigned	696	2021-10-09 21:38:45+00	2021-10-09 21:38:45+00
208	249	\N	Фантастический Резиновый Носки	индексирование не работает, попробуйте навигировать онлайн JSON конденсатор. Я планирую вычислить мобильный ПО протокол, это должно помочь экспортировать SSL код. Необходимо обойти нейронный ОЗУ винчестер. Используйте многобайтный FTP сенсор, для того чтобы генерировать оптический передатчик. PNG объект недоступен, требуется вычислить основной порт, чтобы мы могли копировать SMTP конденсатор.	14500.00	/private/var/buckinghamshireeyeballs.pml.x3db	25	2021-10-23	40	created	213	2021-10-09 21:38:45+00	2021-10-09 21:38:45+00
209	265	\N	Большой Деревянный Сабо	Чтобы генерировать сокет, мы можем получить БИОС интерфейс через излишний RSS интерфейс. ПО конденсатор недоступен, требуется навигировать многобайтный код, чтобы мы могли копировать COM поглотитель. программирование не работает, попробуйте квантифицировать мобильный FTP интерфейс. Вы не можете копировать конденсатор, требуется передача или сжатие. Чтобы сохранить пиксель, мы можем получить ADP оператор через кросс-платформенный SMS продукт.	15500.00	/etc/defaults/xml.htke.svgz	8	2021-10-25	50	offered	657	2021-10-09 21:38:45+00	2021-10-09 21:38:45+00
210	236	\N	Эргономичный Хлопковый Плащ	Чтобы ввести блок разведения, мы можем получить JSON кортеж через многобайтный ИИ код. СУБД брандмауэр недоступен, требуется квантифицировать твердотельный сокет, чтобы мы могли навигировать SMTP пиксель. Чтобы передать сенсор, мы можем получить SAS кортеж через оптический ИИ микрочип. Чтобы переопределить пиксель, мы можем получить НМЖД протокол через оптический AGP порт. Используйте оптический SMTP объект, для того чтобы копировать виртуальный механизм сигнализации.	17500.00	/opt/lib/account.mjp2.azw	15	2021-12-04	5	offered	321	2021-10-09 21:38:45+00	2021-10-09 21:38:45+00
213	236	278	Практичный Стальной Портмоне	переопределение не работает, попробуйте импортировать кросс-платформенный USB драйвер. Используйте беспроводной XSS ключ, для того чтобы вычислить кросс-платформенный пиксель. Попробуйте перезагрузить ИИ ограничитель, возможно это позволит генерировать мобильный брандмауэр. Вы не можете синтезировать пиксель, требуется индексирование или копирование. Я планирую распарсить излишний БИОС драйвер, это должно помочь сохранить SMS оператор.	33000.00	/etc/periodic/usercentricgridenabled.cryptonote.nsc	20	2022-01-06	80	completed	210	2021-10-09 21:38:45+00	2021-10-09 21:38:45+00
214	308	236	Эргономичный Гранитный Кошелек	Попробуйте сохранить Гб ключ, возможно это позволит сжать излишний интерфейс. программирование не работает, попробуйте зашифровать излишний FTP парсер. Вы не можете индексировать оператор, требуется индексирование или сжатие. Необходимо ввести вспомогательный ЭВМ блок разведения. Я планирую ввести многобайтный FTP ограничитель, это должно помочь сохранить XML механизм сигнализации.	27000.00	/media/.odc.omdoc	23	2021-12-21	20	completed	761	2021-10-09 21:38:45+00	2021-10-09 21:38:45+00
215	261	216	Потрясающий Меховой Ремень	Используйте виртуальный ADP интерфейс, для того чтобы копировать кросс-платформенный оператор. Используйте беспроводной ADP канал, для того чтобы сохранить онлайн протокол. Я планирую экспортировать внутренний RSS сокет, это должно помочь перезагрузить EXE сокет. Используйте сенсорный ОЗУ пиксель, для того чтобы сжать 1080-пиксельный кортеж. Необходимо переопределить твердотельный ХЗ винчестер.	36500.00	/var/.exi.iso	26	2022-01-28	50	assigned	283	2021-10-09 21:38:45+00	2021-10-09 21:38:45+00
216	252	276	Великолепный Деревянный Клатч	Я планирую копировать виртуальный СУБД микрочип, это должно помочь генерировать ЭВМ код. ИИ порт недоступен, требуется сохранить внутренний пиксель, чтобы мы могли передать SSL механизм сигнализации. Необходимо сжать основной XML оператор. Необходимо квантифицировать кросс-платформенный SMS протокол. СУБД конденсатор недоступен, требуется соединить твердотельный продукт, чтобы мы могли копировать Гб блок разведения.	32000.00	/usr/sbin/.tr.uvh	10	2021-10-19	5	assigned	80	2021-10-09 21:38:45+00	2021-10-09 21:38:45+00
218	277	303	Великолепный Неодимовый Свитер	Используйте основной FTP массив, для того чтобы переопределить свободно-распростроняемый драйвер. Я планирую соединить беспроводной AGP пиксель, это должно помочь сжать SMTP канал. навигация не работает, попробуйте ввести нейронный RSS ограничитель. Попробуйте квантифицировать ИИ монитор, возможно это позволит экспортировать излишний код. Чтобы переопределить канал, мы можем получить SDD протокол через онлайн ПО механизм сигнализации.	23000.00	/usr/obj/.yml.dbk	17	2021-11-01	85	assigned	686	2021-10-09 21:38:45+00	2021-10-09 21:38:45+00
219	215	278	Грубый Натуральный Ножницы	Чтобы взломать блок разведения, мы можем получить SMTP монитор через беспроводной CSS поглотитель. Чтобы запрограммировать блок разведения, мы можем получить SAS сокет через цифровой EXE интерфейс. переопределение не работает, попробуйте генерировать мобильный ИИ ограничитель. Попробуйте вычислить HTTP передатчик, возможно это позволит ввести сенсорный драйвер. скачивание не работает, попробуйте взломать внутренний Гб канал.	39500.00	/opt/include/.etx.gslides	13	2021-11-20	100	assigned	938	2021-10-09 21:38:45+00	2021-10-09 21:38:45+00
220	245	278	Практичный Хлопковый Ботинок	архивирование не работает, попробуйте взломать сенсорный ПЗУ порт. Я планирую распарсить нейронный AGP протокол, это должно помочь запрограммировать СУБД оператор. Вы не можете квантифицировать блок разведения, требуется взлом или программирование. Необходимо импортировать онлайн ИИ сокет. Чтобы взломать объект, мы можем получить SMS ограничитель через беспроводной ADP ключ.	8500.00	/lost+found/invoice.p7c.uvvz	9	2021-11-04	90	completed	999	2021-10-09 21:38:45+00	2021-10-09 21:38:45+00
221	275	227	Практичный Неодимовый Кошелек	ПО интерфейс недоступен, требуется сжать виртуальный кортеж, чтобы мы могли генерировать PNG интерфейс. разбор не работает, попробуйте зашифровать излишний PCI интерфейс. Чтобы переопределить сенсор, мы можем получить SSL канал через свободно-распростроняемый СУБД кортеж. Чтобы синтезировать механизм сигнализации, мы можем получить БИОС брандмауэр через 1080-пиксельный SAS передатчик. синтез не работает, попробуйте переопределить твердотельный НМЖД драйвер.	12500.00	/usr/X11R6/payment.gqs.maker	14	2021-11-18	60	started	902	2021-10-09 21:38:45+00	2021-10-09 21:38:45+00
222	245	237	Свободный Стальной Ремень	Вы не можете переопределить драйвер, требуется соединение или резервное копирование. Необходимо индексировать онлайн SMS пиксель. Необходимо индексировать онлайн HTTP ключ. Попробуйте ввести ИИ блок разведения, возможно это позволит ввести многобайтный массив. ИИ передатчик недоступен, требуется обойти сенсорный винчестер, чтобы мы могли навигировать SSL пиксель.	23000.00	/usr/libdata/embrace.lrf.wmx	15	2022-01-11	90	started	449	2021-10-09 21:38:45+00	2021-10-09 21:38:45+00
223	303	254	Лоснящийся Деревянный Носки	генерация не работает, попробуйте импортировать нейронный ПО конденсатор. Попробуйте генерировать CSS пиксель, возможно это позволит индексировать свободно-распростроняемый парсер. Необходимо перезагрузить свободно-распростроняемый SSL массив. Попробуйте синтезировать Гб продукт, возможно это позволит генерировать онлайн оператор. Я планирую квантифицировать мобильный SMTP блок разведения, это должно помочь обойти ИИ парсер.	25500.00	/private/tmp/account.so.mscml	30	2022-02-02	15	started	493	2021-10-09 21:38:45+00	2021-10-09 21:38:45+00
224	267	292	Фантастический Кожанный Стол	Попробуйте экспортировать БИОС кортеж, возможно это позволит квантифицировать нейронный сокет. Необходимо копировать вспомогательный ОС сенсор. Необходимо зашифровать излишний SAS канал. Используйте 1080-пиксельный ПЗУ винчестер, для того чтобы запрограммировать излишний конденсатор. переопределение не работает, попробуйте разобрать кросс-платформенный XML порт.	42000.00	/usr/libdata/investment.seed.stc	24	2021-12-08	10	canceled	14	2021-10-09 21:38:45+00	2021-10-09 21:38:45+00
225	215	250	Великолепный Неодимовый Компьютер	Чтобы сохранить продукт, мы можем получить XML пиксель через внутренний XML микрочип. PNG конденсатор недоступен, требуется квантифицировать основной протокол, чтобы мы могли копировать ADP механизм сигнализации. Чтобы вычислить продукт, мы можем получить USB ключ через нейронный SMTP пиксель. архивирование не работает, попробуйте ввести мобильный SMTP кортеж. Чтобы генерировать передатчик, мы можем получить SMTP передатчик через онлайн SMS механизм сигнализации.	29000.00	/usr/X11R6/.mk3d.cdf	9	2021-12-14	85	started	585	2021-10-09 21:38:45+00	2021-10-09 21:38:45+00
227	224	234	Маленький Резиновый Портмоне	Я планирую перезагрузить вспомогательный PNG монитор, это должно помочь ввести RSS монитор. Вы не можете обойти механизм сигнализации, требуется архивирование или шифрование. Я планирую взломать 1080-пиксельный ЭВМ объект, это должно помочь ввести XML массив. Попробуйте индексировать ХЗ винчестер, возможно это позволит сжать нейронный продукт. Вы не можете синтезировать пиксель, требуется разбор или программирование.	38000.00	/boot/envisioneer.pls.wbmp	16	2022-01-23	75	started	20	2021-10-09 21:38:45+00	2021-10-09 21:38:45+00
228	271	250	Фантастический Пластиковый Автомобиль	Попробуйте генерировать ХЗ интерфейс, возможно это позволит синтезировать мобильный драйвер. Вы не можете генерировать канал, требуется навигация или соединение. Необходимо синтезировать онлайн SSL винчестер. навигация не работает, попробуйте индексировать вспомогательный AGP продукт. Вы не можете синтезировать интерфейс, требуется навигация или архивирование.	29500.00	/etc/ppp/etailerscentralized.seed.cdmia	30	2021-11-29	25	assigned	508	2021-10-09 21:38:45+00	2021-10-09 21:38:45+00
229	279	213	Лоснящийся Кожанный Стул	Чтобы распарсить канал, мы можем получить ИИ поглотитель через беспроводной ИИ блок разведения. Попробуйте взломать PNG драйвер, возможно это позволит разобрать нейронный продукт. Используйте вспомогательный НМЖД пиксель, для того чтобы ввести оптический передатчик. шифрование не работает, попробуйте взломать основной HTTP блок разведения. генерация не работает, попробуйте взломать свободно-распростроняемый СУБД интерфейс.	7000.00	/usr/include/.application.c11amc	3	2021-12-18	15	canceled	261	2021-10-09 21:38:45+00	2021-10-09 21:38:45+00
230	217	213	Потрясающий Пластиковый Портмоне	Используйте излишний SDD продукт, для того чтобы зашифровать кросс-платформенный ключ. SSL конденсатор недоступен, требуется импортировать излишний монитор, чтобы мы могли ввести СУБД поглотитель. Необходимо генерировать кросс-платформенный ПЗУ монитор. Необходимо обойти свободно-распростроняемый XML сокет. Необходимо взломать виртуальный ОЗУ интерфейс.	23000.00	/var/.wpd.hvp	5	2022-01-26	50	assigned	787	2021-10-09 21:38:45+00	2021-10-09 21:38:45+00
231	213	261	Интеллектуальный Резиновый Ножницы	Необходимо сохранить 1080-пиксельный ADP порт. Я планирую передать основной SAS массив, это должно помочь квантифицировать PNG массив. Необходимо копировать внутренний CSS винчестер. XSS сенсор недоступен, требуется зашифровать свободно-распростроняемый сенсор, чтобы мы могли переопределить БИОС оператор. Необходимо перезагрузить основной SDD поглотитель.	48000.00	/bin/.susp.z4	10	2021-12-10	70	started	592	2021-10-09 21:38:45+00	2021-10-09 21:38:45+00
232	220	278	Эргономичный Гранитный Свитер	AGP кортеж недоступен, требуется навигировать виртуальный передатчик, чтобы мы могли соединить SAS интерфейс. Я планирую вычислить цифровой COM интерфейс, это должно помочь индексировать СУБД интерфейс. обход не работает, попробуйте разобрать нейронный SMTP порт. Вы не можете квантифицировать интерфейс, требуется шифрование или взлом. Используйте сенсорный НМЖД оператор, для того чтобы обойти нейронный парсер.	19500.00	/net/.ecma.semf	25	2021-10-20	5	started	868	2021-10-09 21:38:45+00	2021-10-09 21:38:45+00
233	212	254	Интеллектуальный Бетонный Кошелек	Вы не можете сохранить код, требуется резервное копирование или соединение. генерация не работает, попробуйте экспортировать твердотельный SMTP брандмауэр. Используйте вспомогательный ПО массив, для того чтобы запрограммировать внутренний передатчик. Вы не можете обойти ограничитель, требуется резервное копирование или переопределение. Используйте многобайтный USB поглотитель, для того чтобы обойти вспомогательный интерфейс.	19000.00	/usr/share/.ustar.wsdl	17	2021-11-13	90	canceled	512	2021-10-09 21:38:45+00	2021-10-09 21:38:45+00
234	223	225	Свободный Пластиковый Компьютер	навигация не работает, попробуйте импортировать основной XSS монитор. RSS сенсор недоступен, требуется навигировать оптический парсер, чтобы мы могли обойти PNG поглотитель. программирование не работает, попробуйте взломать цифровой ADP оператор. Необходимо разобрать цифровой БИОС микрочип. CSS код недоступен, требуется генерировать многобайтный массив, чтобы мы могли взломать SDD сокет.	40000.00	/usr/src/recontextualizedollar.xpm.cif	8	2021-10-12	55	canceled	366	2021-10-09 21:38:45+00	2021-10-09 21:38:45+00
235	253	284	Грубый Кожанный Клатч	Я планирую распарсить свободно-распростроняемый ЭВМ пиксель, это должно помочь передать ХЗ поглотитель. ХЗ кортеж недоступен, требуется запрограммировать беспроводной объект, чтобы мы могли разобрать Гб протокол. разбор не работает, попробуйте перезагрузить нейронный RSS массив. взлом не работает, попробуйте вычислить онлайн SSL винчестер. определение количества не работает, попробуйте соединить нейронный AGP канал.	27500.00	/srv/.txd.dp	11	2022-01-01	20	completed	854	2021-10-09 21:38:45+00	2021-10-09 21:38:45+00
236	237	227	Потрясающий Деревянный Шарф	Необходимо переопределить онлайн RSS порт. Используйте внутренний SMS парсер, для того чтобы импортировать оптический массив. Я планирую вычислить многобайтный EXE интерфейс, это должно помочь перезагрузить ОС блок разведения. Чтобы перезагрузить оператор, мы можем получить COM массив через нейронный ИИ канал. Чтобы экспортировать сокет, мы можем получить SAS порт через вспомогательный ХЗ механизм сигнализации.	24500.00	/opt/lib/systems.xlsx.eml	17	2021-12-23	100	started	843	2021-10-09 21:38:45+00	2021-10-09 21:38:45+00
238	211	225	Лоснящийся Деревянный Клатч	Вы не можете сохранить канал, требуется сжатие или копирование. ОС монитор недоступен, требуется зашифровать многобайтный канал, чтобы мы могли переопределить CSS объект. Чтобы сохранить передатчик, мы можем получить CSS механизм сигнализации через излишний НМЖД монитор. Необходимо синтезировать цифровой HTTP механизм сигнализации. Попробуйте зашифровать ОС драйвер, возможно это позволит вычислить мобильный механизм сигнализации.	29500.00	/etc/mail/.spp.pre	3	2021-11-27	15	canceled	870	2021-10-09 21:38:45+00	2021-10-09 21:38:45+00
239	259	299	Большой Бетонный Ботинок	Я планирую переопределить свободно-распростроняемый RSS объект, это должно помочь импортировать RSS парсер. Необходимо копировать вспомогательный SMS монитор. Попробуйте соединить XML механизм сигнализации, возможно это позволит ввести излишний пиксель. Чтобы копировать сокет, мы можем получить ИИ интерфейс через свободно-распростроняемый AGP брандмауэр. Чтобы ввести поглотитель, мы можем получить ХЗ винчестер через 1080-пиксельный СУБД протокол.	31500.00	/opt/bin/avonsupplychains.urls.rmp	18	2021-10-09	70	started	544	2021-10-09 21:38:45+00	2021-10-09 21:38:45+00
240	299	288	Фантастический Гранитный Сабо	Необходимо переопределить нейронный PNG протокол. Необходимо запрограммировать многобайтный JSON поглотитель. XML парсер недоступен, требуется навигировать цифровой протокол, чтобы мы могли генерировать XML ограничитель. Используйте онлайн ЭВМ блок разведения, для того чтобы ввести излишний ключ. JSON протокол недоступен, требуется распарсить нейронный конденсатор, чтобы мы могли взломать ЭВМ массив.	14000.00	/etc/ppp/account.ogv.sus	20	2021-12-19	25	started	232	2021-10-09 21:38:45+00	2021-10-09 21:38:45+00
242	267	243	Практичный Гранитный Сабо	Я планирую вычислить свободно-распростроняемый ADP парсер, это должно помочь сжать SSL поглотитель. Чтобы перезагрузить ограничитель, мы можем получить RSS порт через виртуальный AGP передатчик. Необходимо копировать твердотельный ПО ключ. Чтобы экспортировать микрочип, мы можем получить SDD интерфейс через цифровой XML интерфейс. Вы не можете синтезировать передатчик, требуется навигация или соединение.	22500.00	/net/.sbml.felaunch	20	2022-01-09	40	canceled	507	2021-10-09 21:38:45+00	2021-10-09 21:38:45+00
243	303	239	Лоснящийся Деревянный Ботинок	Чтобы распарсить канал, мы можем получить FTP драйвер через многобайтный ХЗ блок разведения. Чтобы распарсить механизм сигнализации, мы можем получить Гб монитор через кросс-платформенный НМЖД сокет. RSS блок разведения недоступен, требуется перезагрузить внутренний блок разведения, чтобы мы могли навигировать ПО блок разведения. Чтобы квантифицировать монитор, мы можем получить ХЗ протокол через 1080-пиксельный ADP интерфейс. Используйте мобильный ПО порт, для того чтобы сохранить беспроводной передатчик.	15500.00	/var/mail/.c4d.cdxml	19	2021-11-17	40	canceled	781	2021-10-09 21:38:45+00	2021-10-09 21:38:45+00
246	236	298	Практичный Натуральный Сабо	Необходимо квантифицировать нейронный SDD массив. Используйте многобайтный SSL массив, для того чтобы навигировать мобильный сокет. Вы не можете синтезировать протокол, требуется сжатие или программирование. SSL монитор недоступен, требуется обойти мобильный интерфейс, чтобы мы могли навигировать PCI поглотитель. Я планирую копировать многобайтный SAS парсер, это должно помочь распарсить ХЗ оператор.	29000.00	/lib/.webp.mp4a	16	2021-12-24	85	started	223	2021-10-09 21:38:45+00	2021-10-09 21:38:45+00
247	281	280	Фантастический Меховой Свитер	Попробуйте вычислить Гб конденсатор, возможно это позволит синтезировать цифровой код. определение количества не работает, попробуйте индексировать свободно-распростроняемый EXE оператор. Чтобы соединить канал, мы можем получить COM продукт через основной FTP поглотитель. ХЗ брандмауэр недоступен, требуется зашифровать сенсорный интерфейс, чтобы мы могли передать SSL драйвер. ОЗУ монитор недоступен, требуется навигировать внутренний продукт, чтобы мы могли распарсить ADP код.	21500.00	/var/log/invoicecuttingedgerupee.uvvu.appcache	27	2021-12-29	5	completed	839	2021-10-09 21:38:45+00	2021-10-09 21:38:45+00
248	296	265	Невероятный Хлопковый Плащ	Используйте беспроводной ПО сокет, для того чтобы импортировать основной монитор. Вы не можете индексировать интерфейс, требуется переопределение или архивирование. Используйте мобильный CSS драйвер, для того чтобы сжать твердотельный блок разведения. Попробуйте запрограммировать PNG микрочип, возможно это позволит квантифицировать кросс-платформенный интерфейс. Я планирую копировать цифровой HTTP брандмауэр, это должно помочь ввести SMTP блок разведения.	35500.00	/selinux/selfenabling.m3u.java	29	2021-10-18	50	assigned	836	2021-10-09 21:38:45+00	2021-10-09 21:38:45+00
249	266	227	Маленький Натуральный Стул	Необходимо распарсить излишний ПЗУ сокет. сжатие не работает, попробуйте навигировать онлайн SMTP пиксель. архивирование не работает, попробуйте генерировать твердотельный SDD микрочип. Чтобы переопределить драйвер, мы можем получить Гб интерфейс через 1080-пиксельный SAS передатчик. Используйте нейронный ADP блок разведения, для того чтобы зашифровать мобильный блок разведения.	11500.00	/home/.mobi.vst	21	2022-01-12	60	canceled	985	2021-10-09 21:38:45+00	2021-10-09 21:38:45+00
253	210	257	Эргономичный Кожанный Сабо	Необходимо ввести кросс-платформенный RSS монитор. Чтобы квантифицировать поглотитель, мы можем получить CSS интерфейс через онлайн USB поглотитель. Чтобы переопределить порт, мы можем получить SSL винчестер через виртуальный COM микрочип. Вы не можете копировать сокет, требуется резервное копирование или архивирование. индексирование не работает, попробуйте импортировать 1080-пиксельный HTTP объект.	44500.00	/var/tmp/functionalities.cfs.distz	24	2022-02-04	30	canceled	260	2021-10-09 21:38:45+00	2021-10-09 21:38:45+00
255	230	217	Великолепный Деревянный Кепка	Попробуйте запрограммировать EXE интерфейс, возможно это позволит переопределить цифровой продукт. Попробуйте квантифицировать COM ограничитель, возможно это позволит синтезировать внутренний продукт. SMS брандмауэр недоступен, требуется генерировать сенсорный парсер, чтобы мы могли распарсить ПО объект. Я планирую зашифровать мобильный ИИ кортеж, это должно помочь вычислить SMS винчестер. копирование не работает, попробуйте передать беспроводной ХЗ драйвер.	26000.00	/var/mail/.docm.uvv	28	2022-01-05	95	started	312	2021-10-09 21:38:45+00	2021-10-09 21:38:45+00
256	239	299	Практичный Деревянный Портмоне	Попробуйте сохранить JSON сокет, возможно это позволит сжать свободно-распростроняемый брандмауэр. соединение не работает, попробуйте экспортировать оптический ПО винчестер. Я планирую экспортировать онлайн USB блок разведения, это должно помочь ввести SSL продукт. синтез не работает, попробуйте квантифицировать нейронный ADP сокет. ХЗ порт недоступен, требуется распарсить основной сокет, чтобы мы могли экспортировать ОС брандмауэр.	17000.00	/usr/X11R6/scalableinvoice.ice.uvvg	20	2021-11-10	65	assigned	623	2021-10-09 21:38:45+00	2021-10-09 21:38:45+00
257	233	265	Грубый Натуральный Ремень	Используйте цифровой SAS интерфейс, для того чтобы вычислить внутренний микрочип. Вы не можете разобрать порт, требуется разбор или навигация. ОС поглотитель недоступен, требуется взломать основной механизм сигнализации, чтобы мы могли ввести ПЗУ продукт. Используйте виртуальный PNG брандмауэр, для того чтобы распарсить онлайн интерфейс. Вы не можете запрограммировать сокет, требуется разбор или индексирование.	46000.00	/opt/sbin/.c.cmp	4	2022-01-19	85	completed	850	2021-10-09 21:38:45+00	2021-10-09 21:38:45+00
258	255	278	Великолепный Бетонный Берет	FTP сокет недоступен, требуется взломать онлайн драйвер, чтобы мы могли синтезировать USB канал. ADP сенсор недоступен, требуется навигировать 1080-пиксельный передатчик, чтобы мы могли разобрать СУБД передатчик. Попробуйте соединить HTTP механизм сигнализации, возможно это позволит зашифровать кросс-платформенный поглотитель. Чтобы сжать брандмауэр, мы можем получить СУБД передатчик через кросс-платформенный SSL массив. передача не работает, попробуйте сжать 1080-пиксельный XML интерфейс.	18500.00	/usr/.in.ccxml	25	2021-10-15	100	completed	931	2021-10-09 21:38:45+00	2021-10-09 21:38:45+00
259	293	210	Великолепный Хлопковый Плащ	COM протокол недоступен, требуется экспортировать многобайтный порт, чтобы мы могли синтезировать SMS поглотитель. Попробуйте зашифровать SAS микрочип, возможно это позволит взломать онлайн пиксель. Попробуйте сохранить AGP интерфейс, возможно это позволит генерировать многобайтный блок разведения. Я планирую индексировать мобильный SAS микрочип, это должно помочь переопределить ОС код. ADP кортеж недоступен, требуется экспортировать вспомогательный интерфейс, чтобы мы могли переопределить XML ограничитель.	37500.00	/private/tmp/market.mpga.uvvz	28	2021-11-02	40	canceled	109	2021-10-09 21:38:45+00	2021-10-09 21:38:45+00
261	210	247	Фантастический Пластиковый Плащ	Используйте сенсорный HTTP ключ, для того чтобы разобрать оптический кортеж. Попробуйте индексировать SAS сокет, возможно это позволит перезагрузить кросс-платформенный кортеж. Необходимо перезагрузить мобильный SSL механизм сигнализации. Вы не можете соединить ключ, требуется разбор или взлом. Вы не можете соединить кортеж, требуется передача или переопределение.	6000.00	/opt/lib/plugandplay.svd.pptm	5	2021-10-21	5	canceled	580	2021-10-09 21:38:45+00	2021-10-09 21:38:45+00
264	209	307	Эргономичный Кожанный Майка	Используйте твердотельный SMTP код, для того чтобы зашифровать внутренний драйвер. соединение не работает, попробуйте импортировать твердотельный EXE парсер. Чтобы навигировать пиксель, мы можем получить ПЗУ пиксель через оптический EXE конденсатор. Я планирую синтезировать мобильный PCI канал, это должно помочь индексировать ПО механизм сигнализации. Я планирую синтезировать нейронный PNG ограничитель, это должно помочь запрограммировать НМЖД монитор.	47000.00	/dev/.xo.dts	26	2021-11-28	10	started	198	2021-10-09 21:38:45+00	2021-10-09 21:38:45+00
266	237	281	Маленький Деревянный Кепка	копирование не работает, попробуйте квантифицировать многобайтный USB продукт. Вы не можете обойти микрочип, требуется архивирование или индексирование. Необходимо разобрать вспомогательный ХЗ объект. Чтобы зашифровать объект, мы можем получить ЭВМ интерфейс через основной ОЗУ поглотитель. Используйте онлайн SSL объект, для того чтобы разобрать внутренний парсер.	35000.00	/home/user/.dwg.pfr	15	2021-10-13	45	started	412	2021-10-09 21:38:45+00	2021-10-09 21:38:45+00
267	236	245	Маленький Пластиковый Майка	Используйте 1080-пиксельный RSS сокет, для того чтобы экспортировать излишний интерфейс. генерация не работает, попробуйте импортировать сенсорный ПО протокол. шифрование не работает, попробуйте переопределить нейронный JSON сокет. Вы не можете запрограммировать блок разведения, требуется генерация или взлом. разбор не работает, попробуйте квантифицировать излишний Гб блок разведения.	18500.00	/etc/namedb/circuit.msty.pre	22	2021-11-07	50	completed	473	2021-10-09 21:38:45+00	2021-10-09 21:38:45+00
268	234	303	Великолепный Кожанный Компьютер	Я планирую копировать кросс-платформенный ПО ключ, это должно помочь разобрать CSS сокет. обход не работает, попробуйте индексировать цифровой SSL механизм сигнализации. Используйте цифровой JSON сенсор, для того чтобы запрограммировать основной драйвер. Я планирую экспортировать онлайн XML передатчик, это должно помочь генерировать SDD передатчик. сжатие не работает, попробуйте сохранить внутренний СУБД механизм сигнализации.	40500.00	/tmp/borders.susp.mxml	20	2021-10-16	95	started	709	2021-10-09 21:38:45+00	2021-10-09 21:38:45+00
269	300	222	Большой Кожанный Носки	Попробуйте зашифровать USB оператор, возможно это позволит разобрать виртуальный брандмауэр. Попробуйте импортировать ХЗ кортеж, возможно это позволит запрограммировать внутренний интерфейс. Попробуйте ввести SMS сокет, возможно это позволит синтезировать свободно-распростроняемый блок разведения. JSON пиксель недоступен, требуется импортировать сенсорный пиксель, чтобы мы могли квантифицировать БИОС брандмауэр. переопределение не работает, попробуйте синтезировать оптический ПО парсер.	11000.00	/usr/json.dtb.mag	14	2022-02-05	50	completed	683	2021-10-09 21:38:45+00	2021-10-09 21:38:45+00
270	278	217	Великолепный Стальной Кошелек	Я планирую зашифровать излишний ПЗУ парсер, это должно помочь синтезировать SAS порт. Чтобы обойти блок разведения, мы можем получить PNG поглотитель через онлайн ОС продукт. Попробуйте переопределить SMS сенсор, возможно это позволит разобрать 1080-пиксельный ключ. Чтобы разобрать оператор, мы можем получить FTP механизм сигнализации через онлайн COM винчестер. Попробуйте запрограммировать XML канал, возможно это позволит сохранить твердотельный пиксель.	26000.00	/usr/src/.uvh.djv	28	2022-02-01	75	started	429	2021-10-09 21:38:45+00	2021-10-09 21:38:45+00
271	284	306	Свободный Неодимовый Берет	Необходимо квантифицировать твердотельный SDD парсер. Я планирую сохранить твердотельный EXE сокет, это должно помочь перезагрузить XSS передатчик. Используйте онлайн RSS сенсор, для того чтобы навигировать онлайн порт. Чтобы импортировать кортеж, мы можем получить ОС винчестер через нейронный USB объект. Я планирую копировать цифровой БИОС канал, это должно помочь копировать JSON брандмауэр.	7500.00	/lost+found/.dtd.sdd	27	2021-12-12	75	started	379	2021-10-09 21:38:45+00	2021-10-09 21:38:45+00
272	291	232	Интеллектуальный Неодимовый Свитер	Используйте основной PNG сокет, для того чтобы зашифровать вспомогательный кортеж. Попробуйте переопределить FTP поглотитель, возможно это позволит запрограммировать основной объект. Чтобы синтезировать конденсатор, мы можем получить БИОС брандмауэр через излишний ХЗ интерфейс. передача не работает, попробуйте индексировать основной ОЗУ продукт. Попробуйте перезагрузить SMS пиксель, возможно это позволит сжать сенсорный сокет.	2000.00	/usr/libdata/.xar.php	4	2021-12-03	5	completed	175	2021-10-09 21:38:45+00	2021-10-09 21:38:45+00
273	306	256	Лоснящийся Резиновый Свитер	соединение не работает, попробуйте передать многобайтный FTP микрочип. Необходимо навигировать сенсорный СУБД сокет. индексирование не работает, попробуйте индексировать кросс-платформенный XSS микрочип. Используйте твердотельный CSS массив, для того чтобы навигировать внутренний пиксель. Используйте сенсорный ЭВМ порт, для того чтобы обойти твердотельный блок разведения.	27000.00	/sbin/.s.svg	20	2021-10-17	55	completed	926	2021-10-09 21:38:45+00	2021-10-09 21:38:45+00
275	301	289	Свободный Меховой Куртка	Вы не можете квантифицировать парсер, требуется индексирование или вычисление. Чтобы перезагрузить объект, мы можем получить ОЗУ винчестер через основной Гб код. Чтобы зашифровать код, мы можем получить JSON продукт через оптический USB ключ. Чтобы разобрать драйвер, мы можем получить ПО пиксель через внутренний Гб монитор. PCI пиксель недоступен, требуется индексировать беспроводной продукт, чтобы мы могли распарсить RSS брандмауэр.	36000.00	/opt/bin/.tiff.gv	11	2022-02-03	95	canceled	734	2021-10-09 21:38:45+00	2021-10-09 21:38:45+00
276	285	261	Большой Деревянный Кошелек	Вы не можете разобрать сокет, требуется генерация или определение количества. Используйте цифровой Гб объект, для того чтобы разобрать мобильный продукт. ХЗ канал недоступен, требуется индексировать беспроводной блок разведения, чтобы мы могли взломать RSS ограничитель. Используйте нейронный USB механизм сигнализации, для того чтобы сохранить излишний пиксель. шифрование не работает, попробуйте переопределить основной ПО интерфейс.	23500.00	/net/deposit.fpx.dcr	30	2022-02-06	30	canceled	486	2021-10-09 21:38:45+00	2021-10-09 21:38:45+00
277	271	284	Большой Пластиковый Стол	Необходимо обойти нейронный COM брандмауэр. Используйте вспомогательный ЭВМ микрочип, для того чтобы обойти 1080-пиксельный объект. Попробуйте разобрать ОЗУ протокол, возможно это позволит ввести виртуальный сокет. определение количества не работает, попробуйте квантифицировать сенсорный ЭВМ винчестер. передача не работает, попробуйте разобрать вспомогательный AGP порт.	36000.00	/usr/include/granular.pre.wspolicy	8	2021-11-05	30	started	943	2021-10-09 21:38:45+00	2021-10-09 21:38:45+00
280	287	245	Грубый Пластиковый Ботинок	Попробуйте разобрать SMS ключ, возможно это позволит ввести беспроводной механизм сигнализации. Необходимо обойти беспроводной ПЗУ объект. Используйте вспомогательный ИИ пиксель, для того чтобы переопределить нейронный ключ. Я планирую соединить виртуальный PCI протокол, это должно помочь индексировать SAS монитор. Необходимо экспортировать мобильный XML микрочип.	30500.00	/home/user/pcihelena.dataless.pcf	7	2021-11-01	95	started	367	2021-10-09 21:38:45+00	2021-10-09 21:38:45+00
282	290	237	Невероятный Стальной Куртка	Вы не можете синтезировать конденсатор, требуется генерация или копирование. ИИ монитор недоступен, требуется переопределить беспроводной конденсатор, чтобы мы могли зашифровать ОЗУ код. Необходимо перезагрузить онлайн ОС монитор. Чтобы навигировать сокет, мы можем получить SSL пиксель через цифровой SSL конденсатор. Необходимо передать онлайн СУБД парсер.	33000.00	/var/.bz2.htc	12	2021-11-04	95	completed	43	2021-10-09 21:38:45+00	2021-10-09 21:38:45+00
284	307	233	Невероятный Бетонный Ножницы	Необходимо импортировать оптический XML передатчик. Используйте излишний USB брандмауэр, для того чтобы сохранить цифровой сокет. Попробуйте импортировать SMS механизм сигнализации, возможно это позволит обойти беспроводной передатчик. Необходимо разобрать твердотельный PCI парсер. AGP брандмауэр недоступен, требуется индексировать нейронный брандмауэр, чтобы мы могли зашифровать SSL интерфейс.	7500.00	/opt/bin/.aab.rpm	28	2022-01-11	95	assigned	407	2021-10-09 21:38:45+00	2021-10-09 21:38:45+00
287	292	231	Потрясающий Гранитный Кулон	Чтобы синтезировать канал, мы можем получить USB канал через свободно-распростроняемый USB канал. Необходимо обойти внутренний ХЗ механизм сигнализации. Попробуйте индексировать PCI сенсор, возможно это позволит квантифицировать онлайн конденсатор. Я планирую зашифровать сенсорный Гб ключ, это должно помочь соединить ПЗУ механизм сигнализации. Вы не можете квантифицировать сокет, требуется копирование или разбор.	7500.00	/private/withdrawal.viv.xaml	4	2021-12-14	20	started	930	2021-10-09 21:38:45+00	2021-10-09 21:38:45+00
288	284	246	Лоснящийся Хлопковый Портмоне	ADP передатчик недоступен, требуется переопределить свободно-распростроняемый объект, чтобы мы могли индексировать SSL протокол. Попробуйте соединить SDD блок разведения, возможно это позволит соединить 1080-пиксельный драйвер. архивирование не работает, попробуйте вычислить нейронный CSS канал. переопределение не работает, попробуйте перезагрузить твердотельный COM ограничитель. Попробуйте запрограммировать SMS передатчик, возможно это позволит переопределить вспомогательный протокол.	45000.00	/opt/sbin/.dir.uva	10	2021-12-05	30	started	952	2021-10-09 21:38:45+00	2021-10-09 21:38:45+00
289	231	263	Потрясающий Пластиковый Кошелек	PCI кортеж недоступен, требуется копировать кросс-платформенный порт, чтобы мы могли сохранить ПЗУ интерфейс. Используйте излишний Гб драйвер, для того чтобы вычислить 1080-пиксельный поглотитель. вычисление не работает, попробуйте генерировать мобильный JSON интерфейс. Чтобы распарсить сенсор, мы можем получить ОЗУ оператор через онлайн ПО ключ. Вы не можете распарсить код, требуется архивирование или передача.	45500.00	/usr/lib/functioncustomizedefficient.rlc.ra	4	2022-01-23	70	started	147	2021-10-09 21:38:45+00	2021-10-09 21:38:45+00
291	249	221	Свободный Хлопковый Ремень	Попробуйте запрограммировать FTP винчестер, возможно это позволит ввести 1080-пиксельный интерфейс. XML ключ недоступен, требуется зашифровать онлайн объект, чтобы мы могли синтезировать USB объект. Вы не можете копировать ограничитель, требуется программирование или индексирование. Я планирую обойти цифровой JSON драйвер, это должно помочь копировать SMTP интерфейс. JSON кортеж недоступен, требуется навигировать цифровой код, чтобы мы могли вычислить ПО винчестер.	3500.00	/usr/sbin/frameworkaccount.geo.list	23	2021-12-18	10	canceled	148	2021-10-09 21:38:45+00	2021-10-09 21:38:45+00
292	229	297	Фантастический Кожанный Куртка	Необходимо сохранить кросс-платформенный CSS микрочип. ПО брандмауэр недоступен, требуется квантифицировать сенсорный конденсатор, чтобы мы могли распарсить JSON сенсор. RSS конденсатор недоступен, требуется разобрать твердотельный поглотитель, чтобы мы могли взломать JSON сенсор. Попробуйте синтезировать ХЗ винчестер, возможно это позволит ввести онлайн блок разведения. Используйте внутренний HTTP монитор, для того чтобы переопределить виртуальный механизм сигнализации.	3500.00	/usr/include/intuitive.flw.afm	10	2022-01-26	20	started	672	2021-10-09 21:38:45+00	2021-10-09 21:38:45+00
293	218	219	Интеллектуальный Хлопковый Стул	индексирование не работает, попробуйте взломать кросс-платформенный ПЗУ конденсатор. Я планирую разобрать твердотельный SSL объект, это должно помочь индексировать RSS конденсатор. Необходимо зашифровать виртуальный SAS сокет. Чтобы сжать ограничитель, мы можем получить ХЗ пиксель через твердотельный ЭВМ ограничитель. Попробуйте обойти AGP сокет, возможно это позволит зашифровать многобайтный парсер.	3000.00	/home/user/.cba.rpm	29	2021-12-10	40	assigned	669	2021-10-09 21:38:45+00	2021-10-09 21:38:45+00
295	297	265	Практичный Меховой Ремень	AGP оператор недоступен, требуется разобрать сенсорный механизм сигнализации, чтобы мы могли экспортировать ОЗУ блок разведения. Необходимо синтезировать твердотельный SAS интерфейс. Вы не можете взломать драйвер, требуется определение количества или переопределение. Попробуйте передать ПО монитор, возможно это позволит соединить излишний ключ. Вы не можете сохранить канал, требуется обход или разбор.	27000.00	/usr/local/bin/.fst.ai	24	2021-10-19	90	canceled	34	2021-10-09 21:38:45+00	2021-10-09 21:38:45+00
296	303	249	Практичный Деревянный Ремень	Вы не можете копировать парсер, требуется индексирование или индексирование. Вы не можете копировать драйвер, требуется копирование или индексирование. Вы не можете сжать ключ, требуется архивирование или синтез. Попробуйте ввести USB порт, возможно это позволит экспортировать свободно-распростроняемый блок разведения. Попробуйте навигировать CSS продукт, возможно это позволит копировать нейронный массив.	17000.00	/usr/lib/.xop.pnm	19	2021-10-31	60	started	336	2021-10-09 21:38:45+00	2021-10-09 21:38:45+00
297	227	245	Потрясающий Пластиковый Майка	Попробуйте ввести CSS сенсор, возможно это позволит копировать онлайн ограничитель. Используйте нейронный SSL продукт, для того чтобы импортировать цифровой драйвер. PNG пиксель недоступен, требуется переопределить виртуальный передатчик, чтобы мы могли экспортировать ОС пиксель. Вы не можете индексировать конденсатор, требуется вычисление или переопределение. Чтобы импортировать объект, мы можем получить XSS микрочип через цифровой ИИ ключ.	30000.00	/usr/obj/paymentdistributed.twds.ufdl	11	2021-11-01	95	assigned	121	2021-10-09 21:38:45+00	2021-10-09 21:38:45+00
298	252	265	Маленький Бетонный Майка	ADP сенсор недоступен, требуется индексировать нейронный механизм сигнализации, чтобы мы могли обойти SAS интерфейс. Необходимо зашифровать излишний CSS объект. Вы не можете индексировать сенсор, требуется архивирование или индексирование. COM порт недоступен, требуется экспортировать цифровой оператор, чтобы мы могли запрограммировать ИИ монитор. Необходимо вычислить нейронный JSON объект.	3500.00	/sys/synergy.bdf.bed	30	2021-11-20	35	assigned	539	2021-10-09 21:38:45+00	2021-10-09 21:38:45+00
300	304	220	Великолепный Пластиковый Шарф	Попробуйте синтезировать RSS продукт, возможно это позволит обойти многобайтный конденсатор. Попробуйте разобрать PCI сенсор, возможно это позволит запрограммировать оптический продукт. Необходимо сохранить цифровой CSS поглотитель. Вы не можете запрограммировать ограничитель, требуется генерация или определение количества. копирование не работает, попробуйте вычислить нейронный JSON массив.	8500.00	/usr/X11R6/savings.tr.text	28	2021-11-18	50	completed	881	2021-10-09 21:38:45+00	2021-10-09 21:38:45+00
302	220	272	Невероятный Хлопковый Берет	Вы не можете запрограммировать кортеж, требуется разбор или вычисление. Необходимо разобрать внутренний JSON порт. Необходимо генерировать цифровой ОС передатчик. Используйте цифровой HTTP ограничитель, для того чтобы обойти многобайтный поглотитель. Я планирую квантифицировать кросс-платформенный JSON передатчик, это должно помочь синтезировать ОЗУ механизм сигнализации.	47000.00	/var/log/.asx.rnc	17	2022-02-02	85	completed	388	2021-10-09 21:38:45+00	2021-10-09 21:38:45+00
303	283	245	Эргономичный Кожанный Автомобиль	ЭВМ брандмауэр недоступен, требуется взломать вспомогательный код, чтобы мы могли индексировать SMS монитор. Попробуйте экспортировать HTTP ключ, возможно это позволит соединить твердотельный блок разведения. Вы не можете передать интерфейс, требуется обход или генерация. Попробуйте запрограммировать PCI ограничитель, возможно это позволит взломать вспомогательный ограничитель. Используйте излишний ЭВМ ключ, для того чтобы распарсить вспомогательный сокет.	20500.00	/rescue/.gca.ddd	13	2021-12-08	45	canceled	31	2021-10-09 21:38:45+00	2021-10-09 21:38:45+00
304	261	238	Интеллектуальный Пластиковый Майка	Используйте свободно-распростроняемый SMS поглотитель, для того чтобы взломать онлайн сенсор. Чтобы копировать массив, мы можем получить JSON винчестер через сенсорный ИИ массив. Чтобы синтезировать драйвер, мы можем получить PNG парсер через онлайн COM поглотитель. Используйте нейронный ПЗУ блок разведения, для того чтобы синтезировать кросс-платформенный блок разведения. Вы не можете соединить парсер, требуется архивирование или обход.	39500.00	/tmp/.uvvi.jng	30	2021-12-14	40	started	34	2021-10-09 21:38:45+00	2021-10-09 21:38:45+00
305	226	294	Интеллектуальный Бетонный Компьютер	Попробуйте разобрать SAS кортеж, возможно это позволит перезагрузить 1080-пиксельный код. Я планирую сжать излишний ХЗ ограничитель, это должно помочь распарсить CSS порт. XML протокол недоступен, требуется синтезировать твердотельный конденсатор, чтобы мы могли обойти XML канал. Вы не можете передать винчестер, требуется сжатие или синтез. Чтобы вычислить сокет, мы можем получить XML код через вспомогательный ИИ канал.	46000.00	/etc/mail/wellmodulatedpeso.m3a.srt	11	2021-12-05	35	completed	431	2021-10-09 21:38:45+00	2021-10-09 21:38:45+00
251	292	227	Интеллектуальный Бетонный Майка	Необходимо взломать беспроводной ОЗУ передатчик. синтез не работает, попробуйте синтезировать многобайтный FTP ключ. Используйте виртуальный XML блок разведения, для того чтобы импортировать виртуальный ключ. Используйте оптический SAS продукт, для того чтобы переопределить свободно-распростроняемый пиксель. Необходимо копировать вспомогательный ХЗ драйвер.	18500.00	/Users/disintermediate.dcurl.atx	28	2022-01-27	15	started	676	2021-10-09 21:38:45+00	2021-10-09 21:38:45+00
\.


--
-- Data for Name: Users; Type: TABLE DATA; Schema: public; Owner: dnedtjrx
--

COPY public."Users" (id, name, email, password, "createdAt", "updatedAt", guid) FROM stdin;
209	Георгий Михайлов	Reva23@yandex.ru	$2a$10$WaNyzOkM9TtfVJOAmkrUCO8P1Iayr5bnD0W/WQ2l5XPdg1yc3ucPG	2021-10-09 20:19:50+00	2021-10-09 20:19:50+00	fda8950c-ee46-4236-81f8-8b93908aa302
210	Светлана Петрова	Lourdes.58@hotmail.com	$2a$10$WaNyzOkM9TtfVJOAmkrUCO8P1Iayr5bnD0W/WQ2l5XPdg1yc3ucPG	2021-10-09 20:19:50+00	2021-10-09 20:19:50+00	21ce4760-0f9d-4885-8b24-5b013838c11d
211	Нина Коновалова	Macey.@mail.ru	$2a$10$WaNyzOkM9TtfVJOAmkrUCO8P1Iayr5bnD0W/WQ2l5XPdg1yc3ucPG	2021-10-09 20:19:50+00	2021-10-09 20:19:50+00	ec357381-e333-4868-9941-1f01b3c5d596
212	Евгений Носков	Payton88@gmail.com	$2a$10$WaNyzOkM9TtfVJOAmkrUCO8P1Iayr5bnD0W/WQ2l5XPdg1yc3ucPG	2021-10-09 20:19:50+00	2021-10-09 20:19:50+00	d5c06209-b65e-4d2c-8859-d4e66795505d
213	Антон Степанов	Mariah52@hotmail.com	$2a$10$WaNyzOkM9TtfVJOAmkrUCO8P1Iayr5bnD0W/WQ2l5XPdg1yc3ucPG	2021-10-09 20:19:50+00	2021-10-09 20:19:50+00	\N
214	Макар Лыткин	Diego.68@hotmail.com	$2a$10$WaNyzOkM9TtfVJOAmkrUCO8P1Iayr5bnD0W/WQ2l5XPdg1yc3ucPG	2021-10-09 20:19:50+00	2021-10-09 20:19:50+00	\N
215	Светлана Агафонова	Dawn.95@yandex.ru	$2a$10$WaNyzOkM9TtfVJOAmkrUCO8P1Iayr5bnD0W/WQ2l5XPdg1yc3ucPG	2021-10-09 20:19:50+00	2021-10-09 20:19:50+00	\N
216	Юлия Давыдова	Albin21@gmail.com	$2a$10$WaNyzOkM9TtfVJOAmkrUCO8P1Iayr5bnD0W/WQ2l5XPdg1yc3ucPG	2021-10-09 20:19:50+00	2021-10-09 20:19:50+00	\N
217	Василиса Шилова	Jaycee.@yahoo.com	$2a$10$WaNyzOkM9TtfVJOAmkrUCO8P1Iayr5bnD0W/WQ2l5XPdg1yc3ucPG	2021-10-09 20:19:50+00	2021-10-09 20:19:50+00	\N
218	Анжелика Королева	Carleton_84@yandex.ru	$2a$10$WaNyzOkM9TtfVJOAmkrUCO8P1Iayr5bnD0W/WQ2l5XPdg1yc3ucPG	2021-10-09 20:19:50+00	2021-10-09 20:19:50+00	\N
219	Ксения Исакова	Bridie_83@gmail.com	$2a$10$WaNyzOkM9TtfVJOAmkrUCO8P1Iayr5bnD0W/WQ2l5XPdg1yc3ucPG	2021-10-09 20:19:50+00	2021-10-09 20:19:50+00	\N
220	Анастасия Котова	Kole.@yandex.ru	$2a$10$WaNyzOkM9TtfVJOAmkrUCO8P1Iayr5bnD0W/WQ2l5XPdg1yc3ucPG	2021-10-09 20:19:50+00	2021-10-09 20:19:50+00	\N
221	Римма Молчанова	Cecil_@gmail.com	$2a$10$WaNyzOkM9TtfVJOAmkrUCO8P1Iayr5bnD0W/WQ2l5XPdg1yc3ucPG	2021-10-09 20:19:50+00	2021-10-09 20:19:50+00	\N
222	Никита Воронов	Julien.@yandex.ru	$2a$10$WaNyzOkM9TtfVJOAmkrUCO8P1Iayr5bnD0W/WQ2l5XPdg1yc3ucPG	2021-10-09 20:19:50+00	2021-10-09 20:19:50+00	\N
223	Ярослав Наумов	Travon_@ya.ru	$2a$10$WaNyzOkM9TtfVJOAmkrUCO8P1Iayr5bnD0W/WQ2l5XPdg1yc3ucPG	2021-10-09 20:19:50+00	2021-10-09 20:19:50+00	\N
224	Юрий Устинов	Mylene.86@mail.ru	$2a$10$WaNyzOkM9TtfVJOAmkrUCO8P1Iayr5bnD0W/WQ2l5XPdg1yc3ucPG	2021-10-09 20:19:50+00	2021-10-09 20:19:50+00	\N
225	Арина Артемьева	Owen.@yandex.ru	$2a$10$WaNyzOkM9TtfVJOAmkrUCO8P1Iayr5bnD0W/WQ2l5XPdg1yc3ucPG	2021-10-09 20:19:50+00	2021-10-09 20:19:50+00	\N
226	Ангелина Сидорова	Orrin_@yahoo.com	$2a$10$WaNyzOkM9TtfVJOAmkrUCO8P1Iayr5bnD0W/WQ2l5XPdg1yc3ucPG	2021-10-09 20:19:50+00	2021-10-09 20:19:50+00	\N
227	Александра Белова	Tess12@yahoo.com	$2a$10$WaNyzOkM9TtfVJOAmkrUCO8P1Iayr5bnD0W/WQ2l5XPdg1yc3ucPG	2021-10-09 20:19:50+00	2021-10-09 20:19:50+00	\N
228	Виктор Симонов	Susie73@gmail.com	$2a$10$WaNyzOkM9TtfVJOAmkrUCO8P1Iayr5bnD0W/WQ2l5XPdg1yc3ucPG	2021-10-09 20:19:50+00	2021-10-09 20:19:50+00	\N
229	Анна Горбачева	Otho75@gmail.com	$2a$10$WaNyzOkM9TtfVJOAmkrUCO8P1Iayr5bnD0W/WQ2l5XPdg1yc3ucPG	2021-10-09 20:19:50+00	2021-10-09 20:19:50+00	\N
230	Николай Савельев	Audie13@yahoo.com	$2a$10$WaNyzOkM9TtfVJOAmkrUCO8P1Iayr5bnD0W/WQ2l5XPdg1yc3ucPG	2021-10-09 20:19:50+00	2021-10-09 20:19:50+00	\N
231	Арсений Авдеев	Hermann62@yahoo.com	$2a$10$WaNyzOkM9TtfVJOAmkrUCO8P1Iayr5bnD0W/WQ2l5XPdg1yc3ucPG	2021-10-09 20:19:50+00	2021-10-09 20:19:50+00	\N
232	Альберт Орлов	Alf_@yahoo.com	$2a$10$WaNyzOkM9TtfVJOAmkrUCO8P1Iayr5bnD0W/WQ2l5XPdg1yc3ucPG	2021-10-09 20:19:50+00	2021-10-09 20:19:50+00	\N
233	Арина Архипова	Ewald52@yandex.ru	$2a$10$WaNyzOkM9TtfVJOAmkrUCO8P1Iayr5bnD0W/WQ2l5XPdg1yc3ucPG	2021-10-09 20:19:50+00	2021-10-09 20:19:50+00	\N
234	Егор Александров	Jazmyn_@mail.ru	$2a$10$WaNyzOkM9TtfVJOAmkrUCO8P1Iayr5bnD0W/WQ2l5XPdg1yc3ucPG	2021-10-09 20:19:50+00	2021-10-09 20:19:50+00	\N
235	Герман Костин	Minerva78@ya.ru	$2a$10$WaNyzOkM9TtfVJOAmkrUCO8P1Iayr5bnD0W/WQ2l5XPdg1yc3ucPG	2021-10-09 20:19:50+00	2021-10-09 20:19:50+00	\N
236	Таисия Козлова	Paige_54@gmail.com	$2a$10$WaNyzOkM9TtfVJOAmkrUCO8P1Iayr5bnD0W/WQ2l5XPdg1yc3ucPG	2021-10-09 20:19:50+00	2021-10-09 20:19:50+00	\N
237	Светлана Иванова	Jared80@yandex.ru	$2a$10$WaNyzOkM9TtfVJOAmkrUCO8P1Iayr5bnD0W/WQ2l5XPdg1yc3ucPG	2021-10-09 20:19:50+00	2021-10-09 20:19:50+00	\N
238	Николай Иванов	Matt72@ya.ru	$2a$10$WaNyzOkM9TtfVJOAmkrUCO8P1Iayr5bnD0W/WQ2l5XPdg1yc3ucPG	2021-10-09 20:19:50+00	2021-10-09 20:19:50+00	\N
239	Елизавета Сазонова	Austen.33@mail.ru	$2a$10$WaNyzOkM9TtfVJOAmkrUCO8P1Iayr5bnD0W/WQ2l5XPdg1yc3ucPG	2021-10-09 20:19:50+00	2021-10-09 20:19:50+00	\N
240	Валерий Галкин	Geovanni.58@mail.ru	$2a$10$WaNyzOkM9TtfVJOAmkrUCO8P1Iayr5bnD0W/WQ2l5XPdg1yc3ucPG	2021-10-09 20:19:50+00	2021-10-09 20:19:50+00	\N
241	Алина Шестакова	Lemuel99@gmail.com	$2a$10$WaNyzOkM9TtfVJOAmkrUCO8P1Iayr5bnD0W/WQ2l5XPdg1yc3ucPG	2021-10-09 20:19:50+00	2021-10-09 20:19:50+00	\N
242	Антонина Крюкова	Tate_@yahoo.com	$2a$10$WaNyzOkM9TtfVJOAmkrUCO8P1Iayr5bnD0W/WQ2l5XPdg1yc3ucPG	2021-10-09 20:19:50+00	2021-10-09 20:19:50+00	\N
243	Николай Ларионов	Casimer_@yahoo.com	$2a$10$WaNyzOkM9TtfVJOAmkrUCO8P1Iayr5bnD0W/WQ2l5XPdg1yc3ucPG	2021-10-09 20:19:50+00	2021-10-09 20:19:50+00	\N
244	Нина Максимова	Tamia46@yandex.ru	$2a$10$WaNyzOkM9TtfVJOAmkrUCO8P1Iayr5bnD0W/WQ2l5XPdg1yc3ucPG	2021-10-09 20:19:50+00	2021-10-09 20:19:50+00	\N
245	Макар Анисимов	Tod_99@hotmail.com	$2a$10$WaNyzOkM9TtfVJOAmkrUCO8P1Iayr5bnD0W/WQ2l5XPdg1yc3ucPG	2021-10-09 20:19:50+00	2021-10-09 20:19:50+00	\N
246	Зинаида Цветкова	Hilma_@yandex.ru	$2a$10$WaNyzOkM9TtfVJOAmkrUCO8P1Iayr5bnD0W/WQ2l5XPdg1yc3ucPG	2021-10-09 20:19:50+00	2021-10-09 20:19:50+00	\N
247	Вероника Осипова	Kailyn.@hotmail.com	$2a$10$WaNyzOkM9TtfVJOAmkrUCO8P1Iayr5bnD0W/WQ2l5XPdg1yc3ucPG	2021-10-09 20:19:50+00	2021-10-09 20:19:50+00	\N
248	Игнатий Большаков	Christophe_@hotmail.com	$2a$10$WaNyzOkM9TtfVJOAmkrUCO8P1Iayr5bnD0W/WQ2l5XPdg1yc3ucPG	2021-10-09 20:19:50+00	2021-10-09 20:19:50+00	\N
249	Алевтина Щербакова	Lon21@yahoo.com	$2a$10$WaNyzOkM9TtfVJOAmkrUCO8P1Iayr5bnD0W/WQ2l5XPdg1yc3ucPG	2021-10-09 20:19:50+00	2021-10-09 20:19:50+00	\N
250	Константин Соболев	Loy.@ya.ru	$2a$10$WaNyzOkM9TtfVJOAmkrUCO8P1Iayr5bnD0W/WQ2l5XPdg1yc3ucPG	2021-10-09 20:19:50+00	2021-10-09 20:19:50+00	\N
251	Александр Суханов	Stefan_@ya.ru	$2a$10$WaNyzOkM9TtfVJOAmkrUCO8P1Iayr5bnD0W/WQ2l5XPdg1yc3ucPG	2021-10-09 20:19:50+00	2021-10-09 20:19:50+00	\N
252	Лариса Шашкова	Kacey.62@mail.ru	$2a$10$WaNyzOkM9TtfVJOAmkrUCO8P1Iayr5bnD0W/WQ2l5XPdg1yc3ucPG	2021-10-09 20:19:50+00	2021-10-09 20:19:50+00	\N
253	Раиса Ширяева	Eloy.39@mail.ru	$2a$10$WaNyzOkM9TtfVJOAmkrUCO8P1Iayr5bnD0W/WQ2l5XPdg1yc3ucPG	2021-10-09 20:19:50+00	2021-10-09 20:19:50+00	\N
254	Ярослав Игнатов	Aurelio_@yandex.ru	$2a$10$WaNyzOkM9TtfVJOAmkrUCO8P1Iayr5bnD0W/WQ2l5XPdg1yc3ucPG	2021-10-09 20:19:50+00	2021-10-09 20:19:50+00	\N
255	Елизавета Ефимова	Ozella.@yahoo.com	$2a$10$WaNyzOkM9TtfVJOAmkrUCO8P1Iayr5bnD0W/WQ2l5XPdg1yc3ucPG	2021-10-09 20:19:50+00	2021-10-09 20:19:50+00	\N
256	Валерий Мишин	Milford.34@hotmail.com	$2a$10$WaNyzOkM9TtfVJOAmkrUCO8P1Iayr5bnD0W/WQ2l5XPdg1yc3ucPG	2021-10-09 20:19:50+00	2021-10-09 20:19:50+00	\N
257	Александр Гордеев	Dawson84@gmail.com	$2a$10$WaNyzOkM9TtfVJOAmkrUCO8P1Iayr5bnD0W/WQ2l5XPdg1yc3ucPG	2021-10-09 20:19:50+00	2021-10-09 20:19:50+00	\N
258	Владислав Костин	Wilton.88@mail.ru	$2a$10$WaNyzOkM9TtfVJOAmkrUCO8P1Iayr5bnD0W/WQ2l5XPdg1yc3ucPG	2021-10-09 20:19:50+00	2021-10-09 20:19:50+00	\N
259	Александр Кузнецов	Kira22@yandex.ru	$2a$10$WaNyzOkM9TtfVJOAmkrUCO8P1Iayr5bnD0W/WQ2l5XPdg1yc3ucPG	2021-10-09 20:19:50+00	2021-10-09 20:19:50+00	\N
260	Иван Логинов	Alfredo.@ya.ru	$2a$10$WaNyzOkM9TtfVJOAmkrUCO8P1Iayr5bnD0W/WQ2l5XPdg1yc3ucPG	2021-10-09 20:19:50+00	2021-10-09 20:19:50+00	\N
261	Матвей Доронин	Jamey.@mail.ru	$2a$10$WaNyzOkM9TtfVJOAmkrUCO8P1Iayr5bnD0W/WQ2l5XPdg1yc3ucPG	2021-10-09 20:19:50+00	2021-10-09 20:19:50+00	\N
262	Вадим Ершов	Kyler_20@yandex.ru	$2a$10$WaNyzOkM9TtfVJOAmkrUCO8P1Iayr5bnD0W/WQ2l5XPdg1yc3ucPG	2021-10-09 20:19:50+00	2021-10-09 20:19:50+00	\N
263	Иван Дроздов	Harrison_8@hotmail.com	$2a$10$WaNyzOkM9TtfVJOAmkrUCO8P1Iayr5bnD0W/WQ2l5XPdg1yc3ucPG	2021-10-09 20:19:50+00	2021-10-09 20:19:50+00	\N
264	Михаил Дементьев	Jacey.@yahoo.com	$2a$10$WaNyzOkM9TtfVJOAmkrUCO8P1Iayr5bnD0W/WQ2l5XPdg1yc3ucPG	2021-10-09 20:19:50+00	2021-10-09 20:19:50+00	\N
265	Виктория Муравьева	Cade_89@yahoo.com	$2a$10$WaNyzOkM9TtfVJOAmkrUCO8P1Iayr5bnD0W/WQ2l5XPdg1yc3ucPG	2021-10-09 20:19:50+00	2021-10-09 20:19:50+00	\N
266	Денис Попов	Ethan_@ya.ru	$2a$10$WaNyzOkM9TtfVJOAmkrUCO8P1Iayr5bnD0W/WQ2l5XPdg1yc3ucPG	2021-10-09 20:19:50+00	2021-10-09 20:19:50+00	\N
267	Светлана Жданова	Samir_45@mail.ru	$2a$10$WaNyzOkM9TtfVJOAmkrUCO8P1Iayr5bnD0W/WQ2l5XPdg1yc3ucPG	2021-10-09 20:19:50+00	2021-10-09 20:19:50+00	\N
268	Александра Никифорова	Rachelle82@ya.ru	$2a$10$WaNyzOkM9TtfVJOAmkrUCO8P1Iayr5bnD0W/WQ2l5XPdg1yc3ucPG	2021-10-09 20:19:50+00	2021-10-09 20:19:50+00	\N
269	Ангелина Крылова	Alexzander_94@gmail.com	$2a$10$WaNyzOkM9TtfVJOAmkrUCO8P1Iayr5bnD0W/WQ2l5XPdg1yc3ucPG	2021-10-09 20:19:50+00	2021-10-09 20:19:50+00	\N
270	Николай Игнатов	Emerald54@hotmail.com	$2a$10$WaNyzOkM9TtfVJOAmkrUCO8P1Iayr5bnD0W/WQ2l5XPdg1yc3ucPG	2021-10-09 20:19:50+00	2021-10-09 20:19:50+00	\N
271	Игорь Беляев	Kaelyn_@gmail.com	$2a$10$WaNyzOkM9TtfVJOAmkrUCO8P1Iayr5bnD0W/WQ2l5XPdg1yc3ucPG	2021-10-09 20:19:50+00	2021-10-09 20:19:50+00	\N
272	Вячеслав Крюков	Ernesto0@yahoo.com	$2a$10$WaNyzOkM9TtfVJOAmkrUCO8P1Iayr5bnD0W/WQ2l5XPdg1yc3ucPG	2021-10-09 20:19:50+00	2021-10-09 20:19:50+00	\N
273	Матвей Муравьев	Yasmin24@ya.ru	$2a$10$WaNyzOkM9TtfVJOAmkrUCO8P1Iayr5bnD0W/WQ2l5XPdg1yc3ucPG	2021-10-09 20:19:50+00	2021-10-09 20:19:50+00	\N
274	Виктория Копылова	Arne29@gmail.com	$2a$10$WaNyzOkM9TtfVJOAmkrUCO8P1Iayr5bnD0W/WQ2l5XPdg1yc3ucPG	2021-10-09 20:19:50+00	2021-10-09 20:19:50+00	\N
275	Игорь Гурьев	Tyreek_@gmail.com	$2a$10$WaNyzOkM9TtfVJOAmkrUCO8P1Iayr5bnD0W/WQ2l5XPdg1yc3ucPG	2021-10-09 20:19:50+00	2021-10-09 20:19:50+00	\N
276	Варвара Никифорова	Jermaine_76@gmail.com	$2a$10$WaNyzOkM9TtfVJOAmkrUCO8P1Iayr5bnD0W/WQ2l5XPdg1yc3ucPG	2021-10-09 20:19:50+00	2021-10-09 20:19:50+00	\N
277	Константин Белоусов	Bailey.@yandex.ru	$2a$10$WaNyzOkM9TtfVJOAmkrUCO8P1Iayr5bnD0W/WQ2l5XPdg1yc3ucPG	2021-10-09 20:19:50+00	2021-10-09 20:19:50+00	\N
278	Игнатий Быков	Demond_71@hotmail.com	$2a$10$WaNyzOkM9TtfVJOAmkrUCO8P1Iayr5bnD0W/WQ2l5XPdg1yc3ucPG	2021-10-09 20:19:50+00	2021-10-09 20:19:50+00	\N
279	Юлия Фадеева	Justus71@yandex.ru	$2a$10$WaNyzOkM9TtfVJOAmkrUCO8P1Iayr5bnD0W/WQ2l5XPdg1yc3ucPG	2021-10-09 20:19:50+00	2021-10-09 20:19:50+00	\N
280	Фёдор Цветков	Heath.@mail.ru	$2a$10$WaNyzOkM9TtfVJOAmkrUCO8P1Iayr5bnD0W/WQ2l5XPdg1yc3ucPG	2021-10-09 20:19:50+00	2021-10-09 20:19:50+00	\N
281	София Бобылева	Robin13@gmail.com	$2a$10$WaNyzOkM9TtfVJOAmkrUCO8P1Iayr5bnD0W/WQ2l5XPdg1yc3ucPG	2021-10-09 20:19:50+00	2021-10-09 20:19:50+00	\N
282	Арина Сергеева	Caitlyn_1@gmail.com	$2a$10$WaNyzOkM9TtfVJOAmkrUCO8P1Iayr5bnD0W/WQ2l5XPdg1yc3ucPG	2021-10-09 20:19:50+00	2021-10-09 20:19:50+00	\N
283	Ульяна Фомичева	Max15@hotmail.com	$2a$10$WaNyzOkM9TtfVJOAmkrUCO8P1Iayr5bnD0W/WQ2l5XPdg1yc3ucPG	2021-10-09 20:19:50+00	2021-10-09 20:19:50+00	\N
284	Арсений Карпов	Julianne.19@gmail.com	$2a$10$WaNyzOkM9TtfVJOAmkrUCO8P1Iayr5bnD0W/WQ2l5XPdg1yc3ucPG	2021-10-09 20:19:50+00	2021-10-09 20:19:50+00	\N
285	Станислав Гришин	Noemy11@gmail.com	$2a$10$WaNyzOkM9TtfVJOAmkrUCO8P1Iayr5bnD0W/WQ2l5XPdg1yc3ucPG	2021-10-09 20:19:50+00	2021-10-09 20:19:50+00	\N
286	Алёна Волкова	Joshua.@yandex.ru	$2a$10$WaNyzOkM9TtfVJOAmkrUCO8P1Iayr5bnD0W/WQ2l5XPdg1yc3ucPG	2021-10-09 20:19:50+00	2021-10-09 20:19:50+00	\N
287	Виктор Власов	Darrell.@ya.ru	$2a$10$WaNyzOkM9TtfVJOAmkrUCO8P1Iayr5bnD0W/WQ2l5XPdg1yc3ucPG	2021-10-09 20:19:50+00	2021-10-09 20:19:50+00	\N
288	Елизавета Филиппова	Camden87@yandex.ru	$2a$10$WaNyzOkM9TtfVJOAmkrUCO8P1Iayr5bnD0W/WQ2l5XPdg1yc3ucPG	2021-10-09 20:19:50+00	2021-10-09 20:19:50+00	\N
289	Антонида Козлова	Maud42@yahoo.com	$2a$10$WaNyzOkM9TtfVJOAmkrUCO8P1Iayr5bnD0W/WQ2l5XPdg1yc3ucPG	2021-10-09 20:19:50+00	2021-10-09 20:19:50+00	\N
290	Валерия Шашкова	Anjali31@mail.ru	$2a$10$WaNyzOkM9TtfVJOAmkrUCO8P1Iayr5bnD0W/WQ2l5XPdg1yc3ucPG	2021-10-09 20:19:50+00	2021-10-09 20:19:50+00	\N
291	Варвара Шарова	Jerome_@yahoo.com	$2a$10$WaNyzOkM9TtfVJOAmkrUCO8P1Iayr5bnD0W/WQ2l5XPdg1yc3ucPG	2021-10-09 20:19:50+00	2021-10-09 20:19:50+00	\N
292	Никита Мамонтов	Cleta98@gmail.com	$2a$10$WaNyzOkM9TtfVJOAmkrUCO8P1Iayr5bnD0W/WQ2l5XPdg1yc3ucPG	2021-10-09 20:19:50+00	2021-10-09 20:19:50+00	\N
293	Антон Коновалов	Melyssa_95@yandex.ru	$2a$10$WaNyzOkM9TtfVJOAmkrUCO8P1Iayr5bnD0W/WQ2l5XPdg1yc3ucPG	2021-10-09 20:19:50+00	2021-10-09 20:19:50+00	\N
294	Ангелина Силина	Foster_76@yahoo.com	$2a$10$WaNyzOkM9TtfVJOAmkrUCO8P1Iayr5bnD0W/WQ2l5XPdg1yc3ucPG	2021-10-09 20:19:50+00	2021-10-09 20:19:50+00	\N
295	Лаврентий Кириллов	Moses39@mail.ru	$2a$10$WaNyzOkM9TtfVJOAmkrUCO8P1Iayr5bnD0W/WQ2l5XPdg1yc3ucPG	2021-10-09 20:19:50+00	2021-10-09 20:19:50+00	\N
296	Даниил Волков	Malvina_@mail.ru	$2a$10$WaNyzOkM9TtfVJOAmkrUCO8P1Iayr5bnD0W/WQ2l5XPdg1yc3ucPG	2021-10-09 20:19:50+00	2021-10-09 20:19:50+00	\N
297	Игнатий Прохоров	Marcella.64@hotmail.com	$2a$10$WaNyzOkM9TtfVJOAmkrUCO8P1Iayr5bnD0W/WQ2l5XPdg1yc3ucPG	2021-10-09 20:19:50+00	2021-10-09 20:19:50+00	\N
298	Василиса Семенова	Jessyca.@mail.ru	$2a$10$WaNyzOkM9TtfVJOAmkrUCO8P1Iayr5bnD0W/WQ2l5XPdg1yc3ucPG	2021-10-09 20:19:50+00	2021-10-09 20:19:50+00	\N
299	Зоя Князева	Cornell_@hotmail.com	$2a$10$WaNyzOkM9TtfVJOAmkrUCO8P1Iayr5bnD0W/WQ2l5XPdg1yc3ucPG	2021-10-09 20:19:50+00	2021-10-09 20:19:50+00	\N
300	Константин Силин	Vita_@ya.ru	$2a$10$WaNyzOkM9TtfVJOAmkrUCO8P1Iayr5bnD0W/WQ2l5XPdg1yc3ucPG	2021-10-09 20:19:50+00	2021-10-09 20:19:50+00	\N
301	Вадим Лихачев	Ryley53@yandex.ru	$2a$10$WaNyzOkM9TtfVJOAmkrUCO8P1Iayr5bnD0W/WQ2l5XPdg1yc3ucPG	2021-10-09 20:19:50+00	2021-10-09 20:19:50+00	\N
302	Анна Власова	Melody.86@ya.ru	$2a$10$WaNyzOkM9TtfVJOAmkrUCO8P1Iayr5bnD0W/WQ2l5XPdg1yc3ucPG	2021-10-09 20:19:50+00	2021-10-09 20:19:50+00	\N
303	Эдуард Горшков	Wilbert.@ya.ru	$2a$10$WaNyzOkM9TtfVJOAmkrUCO8P1Iayr5bnD0W/WQ2l5XPdg1yc3ucPG	2021-10-09 20:19:50+00	2021-10-09 20:19:50+00	\N
304	Мария Осипова	Howard_27@hotmail.com	$2a$10$WaNyzOkM9TtfVJOAmkrUCO8P1Iayr5bnD0W/WQ2l5XPdg1yc3ucPG	2021-10-09 20:19:50+00	2021-10-09 20:19:50+00	\N
305	Фёдор Петухов	Keyon92@mail.ru	$2a$10$WaNyzOkM9TtfVJOAmkrUCO8P1Iayr5bnD0W/WQ2l5XPdg1yc3ucPG	2021-10-09 20:19:50+00	2021-10-09 20:19:50+00	\N
306	Анна Антонова	Maurine.33@ya.ru	$2a$10$WaNyzOkM9TtfVJOAmkrUCO8P1Iayr5bnD0W/WQ2l5XPdg1yc3ucPG	2021-10-09 20:19:50+00	2021-10-09 20:19:50+00	\N
307	Нина Мамонтова	Annalise_47@gmail.com	$2a$10$WaNyzOkM9TtfVJOAmkrUCO8P1Iayr5bnD0W/WQ2l5XPdg1yc3ucPG	2021-10-09 20:19:50+00	2021-10-09 20:19:50+00	\N
308	Дарья Матвеева	Ruben.44@yahoo.com	$2a$10$WaNyzOkM9TtfVJOAmkrUCO8P1Iayr5bnD0W/WQ2l5XPdg1yc3ucPG	2021-10-09 20:19:50+00	2021-10-09 20:19:50+00	\N
\.


--
-- Data for Name: WantedSkills; Type: TABLE DATA; Schema: public; Owner: dnedtjrx
--

COPY public."WantedSkills" ("skillId", "userId", "createdAt", "updatedAt") FROM stdin;
41	209	2021-10-09 20:19:50+00	2021-10-09 20:19:50+00
48	209	2021-10-09 20:19:50+00	2021-10-09 20:19:50+00
54	209	2021-10-09 20:19:50+00	2021-10-09 20:19:50+00
59	209	2021-10-09 20:19:50+00	2021-10-09 20:19:50+00
69	209	2021-10-09 20:19:50+00	2021-10-09 20:19:50+00
71	209	2021-10-09 20:19:50+00	2021-10-09 20:19:50+00
82	209	2021-10-09 20:19:50+00	2021-10-09 20:19:50+00
96	209	2021-10-09 20:19:50+00	2021-10-09 20:19:50+00
29	210	2021-10-09 20:19:50+00	2021-10-09 20:19:50+00
31	210	2021-10-09 20:19:50+00	2021-10-09 20:19:50+00
34	210	2021-10-09 20:19:50+00	2021-10-09 20:19:50+00
45	210	2021-10-09 20:19:50+00	2021-10-09 20:19:50+00
6	210	2021-10-09 20:19:50+00	2021-10-09 20:19:50+00
81	210	2021-10-09 20:19:50+00	2021-10-09 20:19:50+00
9	210	2021-10-09 20:19:50+00	2021-10-09 20:19:50+00
93	210	2021-10-09 20:19:50+00	2021-10-09 20:19:50+00
76	211	2021-10-09 20:19:50+00	2021-10-09 20:19:50+00
51	212	2021-10-09 20:19:50+00	2021-10-09 20:19:50+00
62	212	2021-10-09 20:19:50+00	2021-10-09 20:19:50+00
64	212	2021-10-09 20:19:50+00	2021-10-09 20:19:50+00
66	212	2021-10-09 20:19:50+00	2021-10-09 20:19:50+00
69	212	2021-10-09 20:19:50+00	2021-10-09 20:19:50+00
84	212	2021-10-09 20:19:50+00	2021-10-09 20:19:50+00
87	212	2021-10-09 20:19:50+00	2021-10-09 20:19:50+00
9	212	2021-10-09 20:19:50+00	2021-10-09 20:19:50+00
43	213	2021-10-09 20:19:50+00	2021-10-09 20:19:50+00
47	213	2021-10-09 20:19:50+00	2021-10-09 20:19:50+00
54	213	2021-10-09 20:19:50+00	2021-10-09 20:19:50+00
61	213	2021-10-09 20:19:50+00	2021-10-09 20:19:50+00
65	213	2021-10-09 20:19:50+00	2021-10-09 20:19:50+00
88	213	2021-10-09 20:19:50+00	2021-10-09 20:19:50+00
99	213	2021-10-09 20:19:50+00	2021-10-09 20:19:50+00
51	214	2021-10-09 20:19:50+00	2021-10-09 20:19:50+00
60	214	2021-10-09 20:19:50+00	2021-10-09 20:19:50+00
61	214	2021-10-09 20:19:50+00	2021-10-09 20:19:50+00
66	214	2021-10-09 20:19:50+00	2021-10-09 20:19:50+00
76	214	2021-10-09 20:19:50+00	2021-10-09 20:19:50+00
86	214	2021-10-09 20:19:50+00	2021-10-09 20:19:50+00
9	214	2021-10-09 20:19:50+00	2021-10-09 20:19:50+00
93	214	2021-10-09 20:19:50+00	2021-10-09 20:19:50+00
51	215	2021-10-09 20:19:50+00	2021-10-09 20:19:50+00
53	215	2021-10-09 20:19:50+00	2021-10-09 20:19:50+00
56	215	2021-10-09 20:19:50+00	2021-10-09 20:19:50+00
73	215	2021-10-09 20:19:50+00	2021-10-09 20:19:50+00
81	215	2021-10-09 20:19:50+00	2021-10-09 20:19:50+00
86	215	2021-10-09 20:19:50+00	2021-10-09 20:19:50+00
89	215	2021-10-09 20:19:50+00	2021-10-09 20:19:50+00
69	216	2021-10-09 20:19:50+00	2021-10-09 20:19:50+00
42	217	2021-10-09 20:19:50+00	2021-10-09 20:19:50+00
49	217	2021-10-09 20:19:50+00	2021-10-09 20:19:50+00
60	217	2021-10-09 20:19:50+00	2021-10-09 20:19:50+00
23	218	2021-10-09 20:19:50+00	2021-10-09 20:19:50+00
4	218	2021-10-09 20:19:50+00	2021-10-09 20:19:50+00
51	218	2021-10-09 20:19:50+00	2021-10-09 20:19:50+00
66	218	2021-10-09 20:19:50+00	2021-10-09 20:19:50+00
94	218	2021-10-09 20:19:50+00	2021-10-09 20:19:50+00
97	218	2021-10-09 20:19:50+00	2021-10-09 20:19:50+00
23	219	2021-10-09 20:19:50+00	2021-10-09 20:19:50+00
42	219	2021-10-09 20:19:50+00	2021-10-09 20:19:50+00
59	219	2021-10-09 20:19:50+00	2021-10-09 20:19:50+00
60	219	2021-10-09 20:19:50+00	2021-10-09 20:19:50+00
69	219	2021-10-09 20:19:50+00	2021-10-09 20:19:50+00
75	219	2021-10-09 20:19:50+00	2021-10-09 20:19:50+00
68	220	2021-10-09 20:19:50+00	2021-10-09 20:19:50+00
72	220	2021-10-09 20:19:50+00	2021-10-09 20:19:50+00
85	220	2021-10-09 20:19:50+00	2021-10-09 20:19:50+00
46	221	2021-10-09 20:19:50+00	2021-10-09 20:19:50+00
55	221	2021-10-09 20:19:50+00	2021-10-09 20:19:50+00
60	221	2021-10-09 20:19:50+00	2021-10-09 20:19:50+00
64	221	2021-10-09 20:19:50+00	2021-10-09 20:19:50+00
69	221	2021-10-09 20:19:50+00	2021-10-09 20:19:50+00
88	221	2021-10-09 20:19:50+00	2021-10-09 20:19:50+00
70	222	2021-10-09 20:19:50+00	2021-10-09 20:19:50+00
84	222	2021-10-09 20:19:50+00	2021-10-09 20:19:50+00
88	222	2021-10-09 20:19:50+00	2021-10-09 20:19:50+00
29	223	2021-10-09 20:19:50+00	2021-10-09 20:19:50+00
4	223	2021-10-09 20:19:50+00	2021-10-09 20:19:50+00
65	223	2021-10-09 20:19:50+00	2021-10-09 20:19:50+00
90	223	2021-10-09 20:19:50+00	2021-10-09 20:19:50+00
71	224	2021-10-09 20:19:50+00	2021-10-09 20:19:50+00
73	224	2021-10-09 20:19:50+00	2021-10-09 20:19:50+00
75	224	2021-10-09 20:19:50+00	2021-10-09 20:19:50+00
77	224	2021-10-09 20:19:50+00	2021-10-09 20:19:50+00
90	224	2021-10-09 20:19:50+00	2021-10-09 20:19:50+00
91	224	2021-10-09 20:19:50+00	2021-10-09 20:19:50+00
150	225	2021-10-09 20:19:50+00	2021-10-09 20:19:50+00
172	225	2021-10-09 20:19:50+00	2021-10-09 20:19:50+00
69	226	2021-10-09 20:19:50+00	2021-10-09 20:19:50+00
70	226	2021-10-09 20:19:50+00	2021-10-09 20:19:50+00
75	226	2021-10-09 20:19:50+00	2021-10-09 20:19:50+00
89	226	2021-10-09 20:19:50+00	2021-10-09 20:19:50+00
93	226	2021-10-09 20:19:50+00	2021-10-09 20:19:50+00
53	227	2021-10-09 20:19:50+00	2021-10-09 20:19:50+00
55	227	2021-10-09 20:19:50+00	2021-10-09 20:19:50+00
21	228	2021-10-09 20:19:50+00	2021-10-09 20:19:50+00
62	228	2021-10-09 20:19:50+00	2021-10-09 20:19:50+00
92	228	2021-10-09 20:19:50+00	2021-10-09 20:19:50+00
97	228	2021-10-09 20:19:50+00	2021-10-09 20:19:50+00
169	229	2021-10-09 20:19:50+00	2021-10-09 20:19:50+00
173	229	2021-10-09 20:19:50+00	2021-10-09 20:19:50+00
29	229	2021-10-09 20:19:50+00	2021-10-09 20:19:50+00
36	229	2021-10-09 20:19:50+00	2021-10-09 20:19:50+00
67	229	2021-10-09 20:19:50+00	2021-10-09 20:19:50+00
73	229	2021-10-09 20:19:50+00	2021-10-09 20:19:50+00
99	229	2021-10-09 20:19:50+00	2021-10-09 20:19:50+00
67	230	2021-10-09 20:19:50+00	2021-10-09 20:19:50+00
88	231	2021-10-09 20:19:50+00	2021-10-09 20:19:50+00
97	231	2021-10-09 20:19:50+00	2021-10-09 20:19:50+00
170	232	2021-10-09 20:19:50+00	2021-10-09 20:19:50+00
171	232	2021-10-09 20:19:50+00	2021-10-09 20:19:50+00
40	232	2021-10-09 20:19:50+00	2021-10-09 20:19:50+00
41	232	2021-10-09 20:19:50+00	2021-10-09 20:19:50+00
43	232	2021-10-09 20:19:50+00	2021-10-09 20:19:50+00
73	232	2021-10-09 20:19:50+00	2021-10-09 20:19:50+00
81	232	2021-10-09 20:19:50+00	2021-10-09 20:19:50+00
96	232	2021-10-09 20:19:50+00	2021-10-09 20:19:50+00
50	233	2021-10-09 20:19:50+00	2021-10-09 20:19:50+00
62	233	2021-10-09 20:19:50+00	2021-10-09 20:19:50+00
63	233	2021-10-09 20:19:50+00	2021-10-09 20:19:50+00
64	233	2021-10-09 20:19:50+00	2021-10-09 20:19:50+00
66	233	2021-10-09 20:19:50+00	2021-10-09 20:19:50+00
80	233	2021-10-09 20:19:50+00	2021-10-09 20:19:50+00
97	233	2021-10-09 20:19:50+00	2021-10-09 20:19:50+00
22	234	2021-10-09 20:19:50+00	2021-10-09 20:19:50+00
29	234	2021-10-09 20:19:50+00	2021-10-09 20:19:50+00
38	234	2021-10-09 20:19:50+00	2021-10-09 20:19:50+00
4	234	2021-10-09 20:19:50+00	2021-10-09 20:19:50+00
45	234	2021-10-09 20:19:50+00	2021-10-09 20:19:50+00
77	234	2021-10-09 20:19:50+00	2021-10-09 20:19:50+00
95	234	2021-10-09 20:19:50+00	2021-10-09 20:19:50+00
149	235	2021-10-09 20:19:50+00	2021-10-09 20:19:50+00
150	235	2021-10-09 20:19:50+00	2021-10-09 20:19:50+00
42	235	2021-10-09 20:19:50+00	2021-10-09 20:19:50+00
56	235	2021-10-09 20:19:50+00	2021-10-09 20:19:50+00
63	235	2021-10-09 20:19:50+00	2021-10-09 20:19:50+00
80	235	2021-10-09 20:19:50+00	2021-10-09 20:19:50+00
83	235	2021-10-09 20:19:50+00	2021-10-09 20:19:50+00
41	236	2021-10-09 20:19:50+00	2021-10-09 20:19:50+00
71	236	2021-10-09 20:19:50+00	2021-10-09 20:19:50+00
89	236	2021-10-09 20:19:50+00	2021-10-09 20:19:50+00
92	236	2021-10-09 20:19:50+00	2021-10-09 20:19:50+00
68	237	2021-10-09 20:19:50+00	2021-10-09 20:19:50+00
80	237	2021-10-09 20:19:50+00	2021-10-09 20:19:50+00
91	237	2021-10-09 20:19:50+00	2021-10-09 20:19:50+00
35	238	2021-10-09 20:19:50+00	2021-10-09 20:19:50+00
38	238	2021-10-09 20:19:50+00	2021-10-09 20:19:50+00
49	238	2021-10-09 20:19:50+00	2021-10-09 20:19:50+00
61	238	2021-10-09 20:19:50+00	2021-10-09 20:19:50+00
66	238	2021-10-09 20:19:50+00	2021-10-09 20:19:50+00
71	238	2021-10-09 20:19:50+00	2021-10-09 20:19:50+00
76	238	2021-10-09 20:19:50+00	2021-10-09 20:19:50+00
94	238	2021-10-09 20:19:50+00	2021-10-09 20:19:50+00
28	239	2021-10-09 20:19:50+00	2021-10-09 20:19:50+00
52	239	2021-10-09 20:19:50+00	2021-10-09 20:19:50+00
56	240	2021-10-09 20:19:50+00	2021-10-09 20:19:50+00
8	240	2021-10-09 20:19:50+00	2021-10-09 20:19:50+00
87	240	2021-10-09 20:19:50+00	2021-10-09 20:19:50+00
45	241	2021-10-09 20:19:50+00	2021-10-09 20:19:50+00
76	241	2021-10-09 20:19:50+00	2021-10-09 20:19:50+00
9	241	2021-10-09 20:19:50+00	2021-10-09 20:19:50+00
35	242	2021-10-09 20:19:50+00	2021-10-09 20:19:50+00
42	242	2021-10-09 20:19:50+00	2021-10-09 20:19:50+00
43	242	2021-10-09 20:19:50+00	2021-10-09 20:19:50+00
45	242	2021-10-09 20:19:50+00	2021-10-09 20:19:50+00
66	242	2021-10-09 20:19:50+00	2021-10-09 20:19:50+00
70	242	2021-10-09 20:19:50+00	2021-10-09 20:19:50+00
85	242	2021-10-09 20:19:50+00	2021-10-09 20:19:50+00
87	242	2021-10-09 20:19:50+00	2021-10-09 20:19:50+00
163	243	2021-10-09 20:19:50+00	2021-10-09 20:19:50+00
171	243	2021-10-09 20:19:50+00	2021-10-09 20:19:50+00
21	243	2021-10-09 20:19:50+00	2021-10-09 20:19:50+00
3	243	2021-10-09 20:19:50+00	2021-10-09 20:19:50+00
51	243	2021-10-09 20:19:50+00	2021-10-09 20:19:50+00
63	243	2021-10-09 20:19:50+00	2021-10-09 20:19:50+00
64	243	2021-10-09 20:19:50+00	2021-10-09 20:19:50+00
26	244	2021-10-09 20:19:50+00	2021-10-09 20:19:50+00
3	245	2021-10-09 20:19:50+00	2021-10-09 20:19:50+00
38	245	2021-10-09 20:19:50+00	2021-10-09 20:19:50+00
47	245	2021-10-09 20:19:50+00	2021-10-09 20:19:50+00
55	245	2021-10-09 20:19:50+00	2021-10-09 20:19:50+00
6	245	2021-10-09 20:19:50+00	2021-10-09 20:19:50+00
85	245	2021-10-09 20:19:50+00	2021-10-09 20:19:50+00
89	245	2021-10-09 20:19:50+00	2021-10-09 20:19:50+00
82	246	2021-10-09 20:19:50+00	2021-10-09 20:19:50+00
9	246	2021-10-09 20:19:50+00	2021-10-09 20:19:50+00
65	247	2021-10-09 20:19:50+00	2021-10-09 20:19:50+00
66	247	2021-10-09 20:19:50+00	2021-10-09 20:19:50+00
68	247	2021-10-09 20:19:50+00	2021-10-09 20:19:50+00
86	247	2021-10-09 20:19:50+00	2021-10-09 20:19:50+00
89	247	2021-10-09 20:19:50+00	2021-10-09 20:19:50+00
49	248	2021-10-09 20:19:50+00	2021-10-09 20:19:50+00
6	248	2021-10-09 20:19:50+00	2021-10-09 20:19:50+00
73	248	2021-10-09 20:19:50+00	2021-10-09 20:19:50+00
81	248	2021-10-09 20:19:50+00	2021-10-09 20:19:50+00
91	248	2021-10-09 20:19:50+00	2021-10-09 20:19:50+00
93	248	2021-10-09 20:19:50+00	2021-10-09 20:19:50+00
94	248	2021-10-09 20:19:50+00	2021-10-09 20:19:50+00
27	249	2021-10-09 20:19:50+00	2021-10-09 20:19:50+00
39	249	2021-10-09 20:19:50+00	2021-10-09 20:19:50+00
81	249	2021-10-09 20:19:50+00	2021-10-09 20:19:50+00
86	249	2021-10-09 20:19:50+00	2021-10-09 20:19:50+00
88	249	2021-10-09 20:19:50+00	2021-10-09 20:19:50+00
51	250	2021-10-09 20:19:50+00	2021-10-09 20:19:50+00
56	250	2021-10-09 20:19:50+00	2021-10-09 20:19:50+00
63	250	2021-10-09 20:19:50+00	2021-10-09 20:19:50+00
88	250	2021-10-09 20:19:50+00	2021-10-09 20:19:50+00
169	251	2021-10-09 20:19:50+00	2021-10-09 20:19:50+00
18	251	2021-10-09 20:19:50+00	2021-10-09 20:19:50+00
36	251	2021-10-09 20:19:50+00	2021-10-09 20:19:50+00
56	251	2021-10-09 20:19:50+00	2021-10-09 20:19:50+00
83	251	2021-10-09 20:19:50+00	2021-10-09 20:19:50+00
86	251	2021-10-09 20:19:50+00	2021-10-09 20:19:50+00
9	251	2021-10-09 20:19:50+00	2021-10-09 20:19:50+00
95	251	2021-10-09 20:19:50+00	2021-10-09 20:19:50+00
99	251	2021-10-09 20:19:50+00	2021-10-09 20:19:50+00
48	252	2021-10-09 20:19:50+00	2021-10-09 20:19:50+00
71	252	2021-10-09 20:19:50+00	2021-10-09 20:19:50+00
72	252	2021-10-09 20:19:50+00	2021-10-09 20:19:50+00
90	252	2021-10-09 20:19:50+00	2021-10-09 20:19:50+00
93	252	2021-10-09 20:19:50+00	2021-10-09 20:19:50+00
6	253	2021-10-09 20:19:50+00	2021-10-09 20:19:50+00
63	253	2021-10-09 20:19:50+00	2021-10-09 20:19:50+00
7	253	2021-10-09 20:19:50+00	2021-10-09 20:19:50+00
93	253	2021-10-09 20:19:50+00	2021-10-09 20:19:50+00
66	254	2021-10-09 20:19:50+00	2021-10-09 20:19:50+00
89	254	2021-10-09 20:19:50+00	2021-10-09 20:19:50+00
3	255	2021-10-09 20:19:50+00	2021-10-09 20:19:50+00
61	255	2021-10-09 20:19:50+00	2021-10-09 20:19:50+00
31	256	2021-10-09 20:19:50+00	2021-10-09 20:19:50+00
42	256	2021-10-09 20:19:50+00	2021-10-09 20:19:50+00
54	256	2021-10-09 20:19:50+00	2021-10-09 20:19:50+00
58	256	2021-10-09 20:19:50+00	2021-10-09 20:19:50+00
91	256	2021-10-09 20:19:50+00	2021-10-09 20:19:50+00
23	257	2021-10-09 20:19:50+00	2021-10-09 20:19:50+00
3	257	2021-10-09 20:19:50+00	2021-10-09 20:19:50+00
30	257	2021-10-09 20:19:50+00	2021-10-09 20:19:50+00
33	257	2021-10-09 20:19:50+00	2021-10-09 20:19:50+00
45	257	2021-10-09 20:19:50+00	2021-10-09 20:19:50+00
54	257	2021-10-09 20:19:50+00	2021-10-09 20:19:50+00
56	257	2021-10-09 20:19:50+00	2021-10-09 20:19:50+00
85	257	2021-10-09 20:19:50+00	2021-10-09 20:19:50+00
32	258	2021-10-09 20:19:50+00	2021-10-09 20:19:50+00
34	258	2021-10-09 20:19:50+00	2021-10-09 20:19:50+00
38	258	2021-10-09 20:19:50+00	2021-10-09 20:19:50+00
45	258	2021-10-09 20:19:50+00	2021-10-09 20:19:50+00
63	258	2021-10-09 20:19:50+00	2021-10-09 20:19:50+00
80	258	2021-10-09 20:19:50+00	2021-10-09 20:19:50+00
60	259	2021-10-09 20:19:50+00	2021-10-09 20:19:50+00
67	259	2021-10-09 20:19:50+00	2021-10-09 20:19:50+00
7	259	2021-10-09 20:19:50+00	2021-10-09 20:19:50+00
70	259	2021-10-09 20:19:50+00	2021-10-09 20:19:50+00
77	259	2021-10-09 20:19:50+00	2021-10-09 20:19:50+00
88	259	2021-10-09 20:19:50+00	2021-10-09 20:19:50+00
89	259	2021-10-09 20:19:50+00	2021-10-09 20:19:50+00
6	260	2021-10-09 20:19:50+00	2021-10-09 20:19:50+00
7	260	2021-10-09 20:19:50+00	2021-10-09 20:19:50+00
98	260	2021-10-09 20:19:50+00	2021-10-09 20:19:50+00
75	261	2021-10-09 20:19:50+00	2021-10-09 20:19:50+00
81	261	2021-10-09 20:19:50+00	2021-10-09 20:19:50+00
82	261	2021-10-09 20:19:50+00	2021-10-09 20:19:50+00
85	261	2021-10-09 20:19:50+00	2021-10-09 20:19:50+00
87	261	2021-10-09 20:19:50+00	2021-10-09 20:19:50+00
89	261	2021-10-09 20:19:50+00	2021-10-09 20:19:50+00
53	262	2021-10-09 20:19:50+00	2021-10-09 20:19:50+00
85	262	2021-10-09 20:19:50+00	2021-10-09 20:19:50+00
86	262	2021-10-09 20:19:50+00	2021-10-09 20:19:50+00
159	263	2021-10-09 20:19:50+00	2021-10-09 20:19:50+00
23	263	2021-10-09 20:19:50+00	2021-10-09 20:19:50+00
60	263	2021-10-09 20:19:50+00	2021-10-09 20:19:50+00
77	263	2021-10-09 20:19:50+00	2021-10-09 20:19:50+00
81	263	2021-10-09 20:19:50+00	2021-10-09 20:19:50+00
9	263	2021-10-09 20:19:50+00	2021-10-09 20:19:50+00
39	264	2021-10-09 20:19:50+00	2021-10-09 20:19:50+00
65	264	2021-10-09 20:19:50+00	2021-10-09 20:19:50+00
71	264	2021-10-09 20:19:50+00	2021-10-09 20:19:50+00
73	264	2021-10-09 20:19:50+00	2021-10-09 20:19:50+00
78	264	2021-10-09 20:19:50+00	2021-10-09 20:19:50+00
79	264	2021-10-09 20:19:50+00	2021-10-09 20:19:50+00
8	264	2021-10-09 20:19:50+00	2021-10-09 20:19:50+00
9	264	2021-10-09 20:19:50+00	2021-10-09 20:19:50+00
7	265	2021-10-09 20:19:50+00	2021-10-09 20:19:50+00
72	265	2021-10-09 20:19:50+00	2021-10-09 20:19:50+00
80	265	2021-10-09 20:19:50+00	2021-10-09 20:19:50+00
94	265	2021-10-09 20:19:50+00	2021-10-09 20:19:50+00
44	266	2021-10-09 20:19:50+00	2021-10-09 20:19:50+00
63	266	2021-10-09 20:19:50+00	2021-10-09 20:19:50+00
65	266	2021-10-09 20:19:50+00	2021-10-09 20:19:50+00
84	266	2021-10-09 20:19:50+00	2021-10-09 20:19:50+00
90	266	2021-10-09 20:19:50+00	2021-10-09 20:19:50+00
20	267	2021-10-09 20:19:50+00	2021-10-09 20:19:50+00
68	267	2021-10-09 20:19:50+00	2021-10-09 20:19:50+00
73	267	2021-10-09 20:19:50+00	2021-10-09 20:19:50+00
79	267	2021-10-09 20:19:50+00	2021-10-09 20:19:50+00
94	267	2021-10-09 20:19:50+00	2021-10-09 20:19:50+00
52	268	2021-10-09 20:19:50+00	2021-10-09 20:19:50+00
54	268	2021-10-09 20:19:50+00	2021-10-09 20:19:50+00
57	268	2021-10-09 20:19:50+00	2021-10-09 20:19:50+00
60	268	2021-10-09 20:19:50+00	2021-10-09 20:19:50+00
65	268	2021-10-09 20:19:50+00	2021-10-09 20:19:50+00
72	268	2021-10-09 20:19:50+00	2021-10-09 20:19:50+00
78	268	2021-10-09 20:19:50+00	2021-10-09 20:19:50+00
47	269	2021-10-09 20:19:50+00	2021-10-09 20:19:50+00
95	269	2021-10-09 20:19:50+00	2021-10-09 20:19:50+00
98	269	2021-10-09 20:19:50+00	2021-10-09 20:19:50+00
40	270	2021-10-09 20:19:50+00	2021-10-09 20:19:50+00
56	270	2021-10-09 20:19:50+00	2021-10-09 20:19:50+00
58	270	2021-10-09 20:19:50+00	2021-10-09 20:19:50+00
6	270	2021-10-09 20:19:50+00	2021-10-09 20:19:50+00
7	270	2021-10-09 20:19:50+00	2021-10-09 20:19:50+00
85	270	2021-10-09 20:19:50+00	2021-10-09 20:19:50+00
74	271	2021-10-09 20:19:50+00	2021-10-09 20:19:50+00
75	271	2021-10-09 20:19:50+00	2021-10-09 20:19:50+00
78	271	2021-10-09 20:19:50+00	2021-10-09 20:19:50+00
8	271	2021-10-09 20:19:50+00	2021-10-09 20:19:50+00
84	271	2021-10-09 20:19:50+00	2021-10-09 20:19:50+00
88	271	2021-10-09 20:19:50+00	2021-10-09 20:19:50+00
93	271	2021-10-09 20:19:50+00	2021-10-09 20:19:50+00
49	272	2021-10-09 20:19:50+00	2021-10-09 20:19:50+00
54	272	2021-10-09 20:19:50+00	2021-10-09 20:19:50+00
6	272	2021-10-09 20:19:50+00	2021-10-09 20:19:50+00
61	272	2021-10-09 20:19:50+00	2021-10-09 20:19:50+00
77	272	2021-10-09 20:19:50+00	2021-10-09 20:19:50+00
81	272	2021-10-09 20:19:50+00	2021-10-09 20:19:50+00
90	272	2021-10-09 20:19:50+00	2021-10-09 20:19:50+00
98	272	2021-10-09 20:19:50+00	2021-10-09 20:19:50+00
58	273	2021-10-09 20:19:50+00	2021-10-09 20:19:50+00
65	273	2021-10-09 20:19:50+00	2021-10-09 20:19:50+00
76	273	2021-10-09 20:19:50+00	2021-10-09 20:19:50+00
86	273	2021-10-09 20:19:50+00	2021-10-09 20:19:50+00
43	274	2021-10-09 20:19:50+00	2021-10-09 20:19:50+00
70	274	2021-10-09 20:19:50+00	2021-10-09 20:19:50+00
74	274	2021-10-09 20:19:50+00	2021-10-09 20:19:50+00
8	274	2021-10-09 20:19:50+00	2021-10-09 20:19:50+00
83	274	2021-10-09 20:19:50+00	2021-10-09 20:19:50+00
98	274	2021-10-09 20:19:50+00	2021-10-09 20:19:50+00
29	275	2021-10-09 20:19:50+00	2021-10-09 20:19:50+00
31	275	2021-10-09 20:19:50+00	2021-10-09 20:19:50+00
32	275	2021-10-09 20:19:50+00	2021-10-09 20:19:50+00
33	275	2021-10-09 20:19:50+00	2021-10-09 20:19:50+00
44	275	2021-10-09 20:19:50+00	2021-10-09 20:19:50+00
59	275	2021-10-09 20:19:50+00	2021-10-09 20:19:50+00
62	275	2021-10-09 20:19:50+00	2021-10-09 20:19:50+00
7	275	2021-10-09 20:19:50+00	2021-10-09 20:19:50+00
76	276	2021-10-09 20:19:50+00	2021-10-09 20:19:50+00
77	276	2021-10-09 20:19:50+00	2021-10-09 20:19:50+00
8	276	2021-10-09 20:19:50+00	2021-10-09 20:19:50+00
83	276	2021-10-09 20:19:50+00	2021-10-09 20:19:50+00
91	276	2021-10-09 20:19:50+00	2021-10-09 20:19:50+00
94	276	2021-10-09 20:19:50+00	2021-10-09 20:19:50+00
95	276	2021-10-09 20:19:50+00	2021-10-09 20:19:50+00
41	277	2021-10-09 20:19:50+00	2021-10-09 20:19:50+00
57	277	2021-10-09 20:19:50+00	2021-10-09 20:19:50+00
61	277	2021-10-09 20:19:50+00	2021-10-09 20:19:50+00
79	277	2021-10-09 20:19:50+00	2021-10-09 20:19:50+00
89	277	2021-10-09 20:19:50+00	2021-10-09 20:19:50+00
94	277	2021-10-09 20:19:50+00	2021-10-09 20:19:50+00
95	277	2021-10-09 20:19:50+00	2021-10-09 20:19:50+00
53	278	2021-10-09 20:19:50+00	2021-10-09 20:19:50+00
56	278	2021-10-09 20:19:50+00	2021-10-09 20:19:50+00
69	278	2021-10-09 20:19:50+00	2021-10-09 20:19:50+00
83	278	2021-10-09 20:19:50+00	2021-10-09 20:19:50+00
87	278	2021-10-09 20:19:50+00	2021-10-09 20:19:50+00
171	279	2021-10-09 20:19:50+00	2021-10-09 20:19:50+00
19	279	2021-10-09 20:19:50+00	2021-10-09 20:19:50+00
25	279	2021-10-09 20:19:50+00	2021-10-09 20:19:50+00
28	279	2021-10-09 20:19:50+00	2021-10-09 20:19:50+00
45	279	2021-10-09 20:19:50+00	2021-10-09 20:19:50+00
82	279	2021-10-09 20:19:50+00	2021-10-09 20:19:50+00
156	280	2021-10-09 20:19:50+00	2021-10-09 20:19:50+00
16	280	2021-10-09 20:19:50+00	2021-10-09 20:19:50+00
25	280	2021-10-09 20:19:50+00	2021-10-09 20:19:50+00
3	280	2021-10-09 20:19:50+00	2021-10-09 20:19:50+00
72	280	2021-10-09 20:19:50+00	2021-10-09 20:19:50+00
84	280	2021-10-09 20:19:50+00	2021-10-09 20:19:50+00
98	281	2021-10-09 20:19:50+00	2021-10-09 20:19:50+00
64	282	2021-10-09 20:19:50+00	2021-10-09 20:19:50+00
66	282	2021-10-09 20:19:50+00	2021-10-09 20:19:50+00
92	282	2021-10-09 20:19:50+00	2021-10-09 20:19:50+00
65	283	2021-10-09 20:19:50+00	2021-10-09 20:19:50+00
69	283	2021-10-09 20:19:50+00	2021-10-09 20:19:50+00
71	283	2021-10-09 20:19:50+00	2021-10-09 20:19:50+00
86	283	2021-10-09 20:19:50+00	2021-10-09 20:19:50+00
87	283	2021-10-09 20:19:50+00	2021-10-09 20:19:50+00
92	283	2021-10-09 20:19:50+00	2021-10-09 20:19:50+00
80	284	2021-10-09 20:19:50+00	2021-10-09 20:19:50+00
94	284	2021-10-09 20:19:50+00	2021-10-09 20:19:50+00
173	285	2021-10-09 20:19:50+00	2021-10-09 20:19:50+00
57	285	2021-10-09 20:19:50+00	2021-10-09 20:19:50+00
7	285	2021-10-09 20:19:50+00	2021-10-09 20:19:50+00
70	285	2021-10-09 20:19:50+00	2021-10-09 20:19:50+00
71	286	2021-10-09 20:19:50+00	2021-10-09 20:19:50+00
76	286	2021-10-09 20:19:50+00	2021-10-09 20:19:50+00
77	286	2021-10-09 20:19:50+00	2021-10-09 20:19:50+00
87	286	2021-10-09 20:19:50+00	2021-10-09 20:19:50+00
91	286	2021-10-09 20:19:50+00	2021-10-09 20:19:50+00
49	287	2021-10-09 20:19:50+00	2021-10-09 20:19:50+00
7	287	2021-10-09 20:19:50+00	2021-10-09 20:19:50+00
75	287	2021-10-09 20:19:50+00	2021-10-09 20:19:50+00
84	287	2021-10-09 20:19:50+00	2021-10-09 20:19:50+00
86	287	2021-10-09 20:19:50+00	2021-10-09 20:19:50+00
9	287	2021-10-09 20:19:50+00	2021-10-09 20:19:50+00
46	288	2021-10-09 20:19:50+00	2021-10-09 20:19:50+00
38	289	2021-10-09 20:19:50+00	2021-10-09 20:19:50+00
73	289	2021-10-09 20:19:50+00	2021-10-09 20:19:50+00
99	289	2021-10-09 20:19:50+00	2021-10-09 20:19:50+00
39	290	2021-10-09 20:19:50+00	2021-10-09 20:19:50+00
46	290	2021-10-09 20:19:50+00	2021-10-09 20:19:50+00
58	290	2021-10-09 20:19:50+00	2021-10-09 20:19:50+00
6	290	2021-10-09 20:19:50+00	2021-10-09 20:19:50+00
76	290	2021-10-09 20:19:50+00	2021-10-09 20:19:50+00
60	291	2021-10-09 20:19:50+00	2021-10-09 20:19:50+00
62	291	2021-10-09 20:19:50+00	2021-10-09 20:19:50+00
89	291	2021-10-09 20:19:50+00	2021-10-09 20:19:50+00
64	292	2021-10-09 20:19:50+00	2021-10-09 20:19:50+00
34	293	2021-10-09 20:19:50+00	2021-10-09 20:19:50+00
51	293	2021-10-09 20:19:50+00	2021-10-09 20:19:50+00
60	293	2021-10-09 20:19:50+00	2021-10-09 20:19:50+00
75	293	2021-10-09 20:19:50+00	2021-10-09 20:19:50+00
8	293	2021-10-09 20:19:50+00	2021-10-09 20:19:50+00
85	293	2021-10-09 20:19:50+00	2021-10-09 20:19:50+00
99	293	2021-10-09 20:19:50+00	2021-10-09 20:19:50+00
65	294	2021-10-09 20:19:50+00	2021-10-09 20:19:50+00
71	294	2021-10-09 20:19:50+00	2021-10-09 20:19:50+00
74	294	2021-10-09 20:19:50+00	2021-10-09 20:19:50+00
76	294	2021-10-09 20:19:50+00	2021-10-09 20:19:50+00
79	294	2021-10-09 20:19:50+00	2021-10-09 20:19:50+00
82	294	2021-10-09 20:19:50+00	2021-10-09 20:19:50+00
93	294	2021-10-09 20:19:50+00	2021-10-09 20:19:50+00
151	295	2021-10-09 20:19:50+00	2021-10-09 20:19:50+00
33	295	2021-10-09 20:19:50+00	2021-10-09 20:19:50+00
37	295	2021-10-09 20:19:50+00	2021-10-09 20:19:50+00
4	295	2021-10-09 20:19:50+00	2021-10-09 20:19:50+00
40	295	2021-10-09 20:19:50+00	2021-10-09 20:19:50+00
41	295	2021-10-09 20:19:50+00	2021-10-09 20:19:50+00
96	295	2021-10-09 20:19:50+00	2021-10-09 20:19:50+00
68	296	2021-10-09 20:19:50+00	2021-10-09 20:19:50+00
9	296	2021-10-09 20:19:50+00	2021-10-09 20:19:50+00
90	296	2021-10-09 20:19:50+00	2021-10-09 20:19:50+00
94	296	2021-10-09 20:19:50+00	2021-10-09 20:19:50+00
97	296	2021-10-09 20:19:50+00	2021-10-09 20:19:50+00
53	297	2021-10-09 20:19:50+00	2021-10-09 20:19:50+00
58	297	2021-10-09 20:19:50+00	2021-10-09 20:19:50+00
60	297	2021-10-09 20:19:50+00	2021-10-09 20:19:50+00
69	297	2021-10-09 20:19:50+00	2021-10-09 20:19:50+00
76	297	2021-10-09 20:19:50+00	2021-10-09 20:19:50+00
77	297	2021-10-09 20:19:50+00	2021-10-09 20:19:50+00
87	297	2021-10-09 20:19:50+00	2021-10-09 20:19:50+00
95	297	2021-10-09 20:19:50+00	2021-10-09 20:19:50+00
24	298	2021-10-09 20:19:50+00	2021-10-09 20:19:50+00
4	298	2021-10-09 20:19:50+00	2021-10-09 20:19:50+00
45	298	2021-10-09 20:19:50+00	2021-10-09 20:19:50+00
52	298	2021-10-09 20:19:50+00	2021-10-09 20:19:50+00
73	298	2021-10-09 20:19:50+00	2021-10-09 20:19:50+00
75	298	2021-10-09 20:19:50+00	2021-10-09 20:19:50+00
92	298	2021-10-09 20:19:50+00	2021-10-09 20:19:50+00
20	299	2021-10-09 20:19:50+00	2021-10-09 20:19:50+00
21	299	2021-10-09 20:19:50+00	2021-10-09 20:19:50+00
31	299	2021-10-09 20:19:50+00	2021-10-09 20:19:50+00
96	299	2021-10-09 20:19:50+00	2021-10-09 20:19:50+00
39	300	2021-10-09 20:19:50+00	2021-10-09 20:19:50+00
65	300	2021-10-09 20:19:50+00	2021-10-09 20:19:50+00
171	301	2021-10-09 20:19:50+00	2021-10-09 20:19:50+00
47	301	2021-10-09 20:19:50+00	2021-10-09 20:19:50+00
50	301	2021-10-09 20:19:50+00	2021-10-09 20:19:50+00
68	301	2021-10-09 20:19:50+00	2021-10-09 20:19:50+00
34	302	2021-10-09 20:19:50+00	2021-10-09 20:19:50+00
58	302	2021-10-09 20:19:50+00	2021-10-09 20:19:50+00
78	302	2021-10-09 20:19:50+00	2021-10-09 20:19:50+00
169	303	2021-10-09 20:19:50+00	2021-10-09 20:19:50+00
43	303	2021-10-09 20:19:50+00	2021-10-09 20:19:50+00
48	303	2021-10-09 20:19:50+00	2021-10-09 20:19:50+00
7	303	2021-10-09 20:19:50+00	2021-10-09 20:19:50+00
81	303	2021-10-09 20:19:50+00	2021-10-09 20:19:50+00
84	303	2021-10-09 20:19:50+00	2021-10-09 20:19:50+00
68	304	2021-10-09 20:19:50+00	2021-10-09 20:19:50+00
35	305	2021-10-09 20:19:50+00	2021-10-09 20:19:50+00
45	305	2021-10-09 20:19:50+00	2021-10-09 20:19:50+00
57	305	2021-10-09 20:19:50+00	2021-10-09 20:19:50+00
75	305	2021-10-09 20:19:50+00	2021-10-09 20:19:50+00
90	305	2021-10-09 20:19:50+00	2021-10-09 20:19:50+00
93	305	2021-10-09 20:19:50+00	2021-10-09 20:19:50+00
98	305	2021-10-09 20:19:50+00	2021-10-09 20:19:50+00
\.


--
-- Name: Files_id_seq; Type: SEQUENCE SET; Schema: public; Owner: dnedtjrx
--

SELECT pg_catalog.setval('public."Files_id_seq"', 385, true);


--
-- Name: Skills_id_seq; Type: SEQUENCE SET; Schema: public; Owner: dnedtjrx
--

SELECT pg_catalog.setval('public."Skills_id_seq"', 173, true);


--
-- Name: Tasks_id_seq; Type: SEQUENCE SET; Schema: public; Owner: dnedtjrx
--

SELECT pg_catalog.setval('public."Tasks_id_seq"', 305, true);


--
-- Name: Users_id_seq; Type: SEQUENCE SET; Schema: public; Owner: dnedtjrx
--

SELECT pg_catalog.setval('public."Users_id_seq"', 308, true);


--
-- Name: Applicants Applicants_pkey; Type: CONSTRAINT; Schema: public; Owner: dnedtjrx
--

ALTER TABLE ONLY public."Applicants"
    ADD CONSTRAINT "Applicants_pkey" PRIMARY KEY ("userId", "taskId");


--
-- Name: Files Files_pkey; Type: CONSTRAINT; Schema: public; Owner: dnedtjrx
--

ALTER TABLE ONLY public."Files"
    ADD CONSTRAINT "Files_pkey" PRIMARY KEY (id);


--
-- Name: LearnedSkills LearnedSkills_pkey; Type: CONSTRAINT; Schema: public; Owner: dnedtjrx
--

ALTER TABLE ONLY public."LearnedSkills"
    ADD CONSTRAINT "LearnedSkills_pkey" PRIMARY KEY ("skillId", "userId");


--
-- Name: Skills Skills_pkey; Type: CONSTRAINT; Schema: public; Owner: dnedtjrx
--

ALTER TABLE ONLY public."Skills"
    ADD CONSTRAINT "Skills_pkey" PRIMARY KEY (id);


--
-- Name: TaskSkills TaskSkills_pkey; Type: CONSTRAINT; Schema: public; Owner: dnedtjrx
--

ALTER TABLE ONLY public."TaskSkills"
    ADD CONSTRAINT "TaskSkills_pkey" PRIMARY KEY ("skillId", "taskId");


--
-- Name: Tasks Tasks_pkey; Type: CONSTRAINT; Schema: public; Owner: dnedtjrx
--

ALTER TABLE ONLY public."Tasks"
    ADD CONSTRAINT "Tasks_pkey" PRIMARY KEY (id);


--
-- Name: Users Users_pkey; Type: CONSTRAINT; Schema: public; Owner: dnedtjrx
--

ALTER TABLE ONLY public."Users"
    ADD CONSTRAINT "Users_pkey" PRIMARY KEY (id);


--
-- Name: WantedSkills WantedSkills_pkey; Type: CONSTRAINT; Schema: public; Owner: dnedtjrx
--

ALTER TABLE ONLY public."WantedSkills"
    ADD CONSTRAINT "WantedSkills_pkey" PRIMARY KEY ("skillId", "userId");


--
-- Name: files_task_id; Type: INDEX; Schema: public; Owner: dnedtjrx
--

CREATE INDEX files_task_id ON public."Files" USING btree ("taskId");


--
-- Name: skills_name; Type: INDEX; Schema: public; Owner: dnedtjrx
--

CREATE UNIQUE INDEX skills_name ON public."Skills" USING btree (name);


--
-- Name: tasks_owner_id; Type: INDEX; Schema: public; Owner: dnedtjrx
--

CREATE INDEX tasks_owner_id ON public."Tasks" USING btree ("ownerId");


--
-- Name: tasks_status; Type: INDEX; Schema: public; Owner: dnedtjrx
--

CREATE INDEX tasks_status ON public."Tasks" USING btree (status);


--
-- Name: users_email; Type: INDEX; Schema: public; Owner: dnedtjrx
--

CREATE UNIQUE INDEX users_email ON public."Users" USING btree (email);


--
-- Name: users_name; Type: INDEX; Schema: public; Owner: dnedtjrx
--

CREATE UNIQUE INDEX users_name ON public."Users" USING btree (name);


--
-- Name: Applicants Applicants_taskId_fkey; Type: FK CONSTRAINT; Schema: public; Owner: dnedtjrx
--

ALTER TABLE ONLY public."Applicants"
    ADD CONSTRAINT "Applicants_taskId_fkey" FOREIGN KEY ("taskId") REFERENCES public."Tasks"(id) ON UPDATE CASCADE ON DELETE CASCADE;


--
-- Name: Applicants Applicants_userId_fkey; Type: FK CONSTRAINT; Schema: public; Owner: dnedtjrx
--

ALTER TABLE ONLY public."Applicants"
    ADD CONSTRAINT "Applicants_userId_fkey" FOREIGN KEY ("userId") REFERENCES public."Users"(id) ON UPDATE CASCADE ON DELETE CASCADE;


--
-- Name: Files Files_taskId_fkey; Type: FK CONSTRAINT; Schema: public; Owner: dnedtjrx
--

ALTER TABLE ONLY public."Files"
    ADD CONSTRAINT "Files_taskId_fkey" FOREIGN KEY ("taskId") REFERENCES public."Tasks"(id) ON UPDATE CASCADE;


--
-- Name: LearnedSkills LearnedSkills_skillId_fkey; Type: FK CONSTRAINT; Schema: public; Owner: dnedtjrx
--

ALTER TABLE ONLY public."LearnedSkills"
    ADD CONSTRAINT "LearnedSkills_skillId_fkey" FOREIGN KEY ("skillId") REFERENCES public."Skills"(id) ON UPDATE CASCADE ON DELETE CASCADE;


--
-- Name: LearnedSkills LearnedSkills_userId_fkey; Type: FK CONSTRAINT; Schema: public; Owner: dnedtjrx
--

ALTER TABLE ONLY public."LearnedSkills"
    ADD CONSTRAINT "LearnedSkills_userId_fkey" FOREIGN KEY ("userId") REFERENCES public."Users"(id) ON UPDATE CASCADE ON DELETE CASCADE;


--
-- Name: TaskSkills TaskSkills_skillId_fkey; Type: FK CONSTRAINT; Schema: public; Owner: dnedtjrx
--

ALTER TABLE ONLY public."TaskSkills"
    ADD CONSTRAINT "TaskSkills_skillId_fkey" FOREIGN KEY ("skillId") REFERENCES public."Skills"(id) ON UPDATE CASCADE ON DELETE CASCADE;


--
-- Name: TaskSkills TaskSkills_taskId_fkey; Type: FK CONSTRAINT; Schema: public; Owner: dnedtjrx
--

ALTER TABLE ONLY public."TaskSkills"
    ADD CONSTRAINT "TaskSkills_taskId_fkey" FOREIGN KEY ("taskId") REFERENCES public."Tasks"(id) ON UPDATE CASCADE ON DELETE CASCADE;


--
-- Name: Tasks Tasks_ownerId_fkey; Type: FK CONSTRAINT; Schema: public; Owner: dnedtjrx
--

ALTER TABLE ONLY public."Tasks"
    ADD CONSTRAINT "Tasks_ownerId_fkey" FOREIGN KEY ("ownerId") REFERENCES public."Users"(id) ON UPDATE CASCADE;


--
-- Name: Tasks Tasks_selectedApplicantId_fkey; Type: FK CONSTRAINT; Schema: public; Owner: dnedtjrx
--

ALTER TABLE ONLY public."Tasks"
    ADD CONSTRAINT "Tasks_selectedApplicantId_fkey" FOREIGN KEY ("selectedApplicantId") REFERENCES public."Users"(id) ON UPDATE CASCADE;


--
-- Name: WantedSkills WantedSkills_skillId_fkey; Type: FK CONSTRAINT; Schema: public; Owner: dnedtjrx
--

ALTER TABLE ONLY public."WantedSkills"
    ADD CONSTRAINT "WantedSkills_skillId_fkey" FOREIGN KEY ("skillId") REFERENCES public."Skills"(id) ON UPDATE CASCADE ON DELETE CASCADE;


--
-- Name: WantedSkills WantedSkills_userId_fkey; Type: FK CONSTRAINT; Schema: public; Owner: dnedtjrx
--

ALTER TABLE ONLY public."WantedSkills"
    ADD CONSTRAINT "WantedSkills_userId_fkey" FOREIGN KEY ("userId") REFERENCES public."Users"(id) ON UPDATE CASCADE ON DELETE CASCADE;


--
-- PostgreSQL database dump complete
--

--
-- Database "postgres" dump
--

--
-- PostgreSQL database dump
--

-- Dumped from database version 14.0 (Debian 14.0-1.pgdg110+1)
-- Dumped by pg_dump version 14.0 (Debian 14.0-1.pgdg110+1)

SET statement_timeout = 0;
SET lock_timeout = 0;
SET idle_in_transaction_session_timeout = 0;
SET client_encoding = 'UTF8';
SET standard_conforming_strings = on;
SELECT pg_catalog.set_config('search_path', '', false);
SET check_function_bodies = false;
SET xmloption = content;
SET client_min_messages = warning;
SET row_security = off;

DROP DATABASE postgres;
--
-- Name: postgres; Type: DATABASE; Schema: -; Owner: dnedtjrx
--

CREATE DATABASE postgres WITH TEMPLATE = template0 ENCODING = 'UTF8' LOCALE = 'en_US.utf8';


ALTER DATABASE postgres OWNER TO dnedtjrx;

\connect postgres

SET statement_timeout = 0;
SET lock_timeout = 0;
SET idle_in_transaction_session_timeout = 0;
SET client_encoding = 'UTF8';
SET standard_conforming_strings = on;
SELECT pg_catalog.set_config('search_path', '', false);
SET check_function_bodies = false;
SET xmloption = content;
SET client_min_messages = warning;
SET row_security = off;

--
-- Name: DATABASE postgres; Type: COMMENT; Schema: -; Owner: dnedtjrx
--

COMMENT ON DATABASE postgres IS 'default administrative connection database';


--
-- PostgreSQL database dump complete
--

--
-- PostgreSQL database cluster dump complete
--

